person_id,person_name,person_role,movie_id,movie_title,character_name
10001718,고은기,감독,1154154.0,대도시의 사랑법,Jae-hee
10001718,고은기,감독,118451.0,은교,Han Eun-gyo
10001718,고은기,감독,259129.0,몬스터,Bok-soon
10001718,고은기,감독,838209.0,파묘,Lee Hwa-rim
10001718,고은기,감독,336744.0,차이나타운,Il-young
10001718,고은기,감독,348689.0,"협녀, 칼의 기억",Hong-yi / Sul-hee
10001718,고은기,감독,363790.0,성난 변호사,Jin Sun-mi
10001718,고은기,감독,387886.0,계춘할망,Hye-ji
10001718,고은기,감독,486814.0,네버다이 버터플라이,Sooyeon
10001718,고은기,감독,529859.0,변산,Sun-mi
10001718,고은기,감독,570503.0,유열의 음악앨범,Mi-su
10001718,고은기,감독,568320.0,뺑반,Woman with Straight Hair
10001718,고은기,감독,602464.0,영웅,Seol-hee
10001718,고은기,감독,731679.0,언택트,Soo-jin
10001718,고은기,감독,123473.0,출장 십오야,Self
10001718,고은기,감독,128995.0,유미의 세포들,Kim Yu-mi
10001718,고은기,감독,128398.0,바라던 바다,Self
10001718,고은기,감독,224414.0,은중과 상연,Ryu Eun-jung
10001718,고은기,감독,134675.0,작은 아씨들,Oh In-joo
10001718,고은기,감독,64548.0,치즈인더트랩,Hong Seol
10001718,고은기,감독,230983.0,청룡시리즈어워즈,Self
10001718,고은기,감독,67915.0,도깨비,Ji Eun-tak
10001718,고은기,감독,81978.0,유 퀴즈 온 더 블럭,Self
10001718,고은기,감독,219783.0,더 시즌즈,Self
10001718,고은기,감독,211296.0,미노이의 요리조리,Self
10001718,고은기,감독,73068.0,비긴어게인,Self
10001718,고은기,감독,209110.0,자백의 대가,Mo Eun
10001718,고은기,감독,93846.0,더 킹: 영원의 군주,Jung Tae-eul / Luna
10001718,고은기,감독,139254.0,백상예술대상,Self
10001718,고은기,감독,85972.0,너의 노래는,Herself
10001718,고은기,감독,272640.0,유미의 세포들 2: 코멘터리,self
10001718,고은기,감독,272004.0,삼시세끼 Light,Self
10001718,고은기,감독,215199.0,핑계고,Self
10001718,고은기,감독,282780.0,굿데이,Self
10001718,고은기,감독,289368.0,孤单又灿烂的神：鬼怪,Ji Eun-tak
10001898,공수창,감독,565027.0,映画の都,Self
10003307,기주봉,배우,10259.0,로망스,Squad leader Hwang
10003307,기주봉,배우,877456.0,기국서의 배우수업,Self
10003307,기주봉,배우,2440.0,공동경비구역 JSA,General Pyo
10003307,기주봉,배우,25660.0,인정사정 볼 것 없다,Chief of Criminal Unit
10003307,기주봉,배우,33171.0,공공의 적,Song Haeng-ki
10003307,기주봉,배우,27316.0,거울 속으로,Jeong Il-seong
10003307,기주봉,배우,13512.0,청풍명월,Officer Jang
10003307,기주봉,배우,41172.0,어디선가 누군가에 무슨일이 생기면 틀림없이 나타난다 홍반장,Chairman Yoon
10003307,기주봉,배우,336744.0,차이나타운,Man in Suite
10003307,기주봉,배우,849869.0,길복순,Ki
10003307,기주봉,배우,644714.0,보이스,President
10003307,기주봉,배우,37836.0,심판,Funeral Director
10003307,기주봉,배우,16138.0,알포인트,Captain Park
10003307,기주봉,배우,1114775.0,우리의 하루,Ui-ju
10003307,기주봉,배우,47336.0,클레멘타인,Hwang Jong-chul
10003307,기주봉,배우,49881.0,세이 예스,Manager
10003307,기주봉,배우,19588.0,두사부일체,Sang Chun-man
10003307,기주봉,배우,19635.0,친구,Mustache
10003307,기주봉,배우,928713.0,소설가의 영화,Man-soo
10003307,기주봉,배우,78130.0,초승달과 밤배,Uncle
10003307,기주봉,배우,19482.0,멋진 하루,Man at Cousin's House
10003307,기주봉,배우,1216270.0,제시는 그때 스무살이었다,Chairman Min
10003307,기주봉,배우,48192.0,소름,Writer Lee
10003307,기주봉,배우,977150.0,공작새,Deok-gil
10003307,기주봉,배우,354275.0,지금은맞고그때는틀리다,Kim Won-ho
10003307,기주봉,배우,42781.0,킹콩을 들다,Director Baek (cameo)
10003307,기주봉,배우,57859.0,밤과 낮,Mr. Jang
10003307,기주봉,배우,193709.0,환상속의 그대,Therapist
10003307,기주봉,배우,32238.0,튜브,Police Chief
10003307,기주봉,배우,4689.0,복수는 나의 것,Engineer Peng
10003307,기주봉,배우,83013.0,번지점프를 하다,Director of Student Affairs
10003307,기주봉,배우,335640.0,살인의뢰,Chief Choi
10003307,기주봉,배우,191052.0,노리개: 그녀의 눈물,Hyun Sung-bong
10003307,기주봉,배우,52426.0,그 남자의 책 198쪽,Hong-soo
10003307,기주봉,배우,21792.0,령,Detective 1
10003307,기주봉,배우,16404.0,비천무,Kwak-jung
10003307,기주봉,배우,338803.0,간신,Butcher Mr. Kim
10003307,기주봉,배우,195276.0,몽타주,Ear Doctor Han
10003307,기주봉,배우,54262.0,포도나무를 베어라,Father Moon
10003307,기주봉,배우,16318.0,색즉시공,OB / Gyn Doctor (uncredited)
10003307,기주봉,배우,28872.0,라이어,Lieutenant detective
10003307,기주봉,배우,88016.0,굳세어라 금순아,Han Ju-tae's father (uncredited)
10003307,기주봉,배우,40010.0,순애보,Woo-in's Brother-in-Law
10003307,기주봉,배우,284135.0,자유의 언덕,Byeong-joo
10003307,기주봉,배우,206173.0,경축! 우리사랑,Mr. Ha
10003307,기주봉,배우,160075.0,누구의 딸도 아닌 해원,Hoo-won
10003307,기주봉,배우,40452.0,주먹이 운다,Yu Sang-hwan's Father
10003307,기주봉,배우,336055.0,오피스,Detective Squad Chief
10003307,기주봉,배우,11297.0,지구를 지켜라!,Squad Leader Lee
10003307,기주봉,배우,242454.0,용의자,Coroner
10003307,기주봉,배우,200834.0,Pulisi gae-im,Director Kim
10003307,기주봉,배우,333167.0,순수의 시대,Jo Jun (uncredited)
10003307,기주봉,배우,238010.0,친구 2,Hyung-doo
10003307,기주봉,배우,85525.0,북촌방향,Producer
10003307,기주봉,배우,428014.0,메리 크리스마스 미스터 모,Mo Geum-san
10003307,기주봉,배우,428395.0,여교사,Jae-ha's father
10003307,기주봉,배우,466872.0,초행,Ji-young's Father
10003307,기주봉,배우,60098.0,하하하,Curator of Tongyeong's Local History Museum
10003307,기주봉,배우,52884.0,와일드 카드,Sergeant Kim
10003307,기주봉,배우,499255.0,풀잎들,Chang-soo
10003307,기주봉,배우,45814.0,채식주의자,Ji-hye's Father
10003307,기주봉,배우,535638.0,식구,CEO
10003307,기주봉,배우,535550.0,강변호텔,Young-hwan
10003307,기주봉,배우,517991.0,공작,President Kim Jong-il
10003307,기주봉,배우,214209.0,숨바꼭질,Seong-soo's Stepfather
10003307,기주봉,배우,451957.0,그 후,Taxi Driver
10003307,기주봉,배우,638423.0,69세,Dong-in
10003307,기주봉,배우,74336.0,조용한 가족,Lonely Man
10003307,기주봉,배우,118170.0,죽거나 혹은 나쁘거나,Auto Repair Boss
10003307,기주봉,배우,785194.0,소설가 구보의 하루,Mr. Seo
10003307,기주봉,배우,790666.0,낙과,Jong-hwan
10003307,기주봉,배우,795797.0,인트로덕션,Old Actor
10003307,기주봉,배우,705956.0,정말 먼 곳,Joong-man
10003307,기주봉,배우,269494.0,끝까지 간다,Mr. Kim
10003307,기주봉,배우,385137.0,봉이 김선달,Yeogak owner
10003307,기주봉,배우,416343.0,철가방 우수氏,Mr. Wang
10003307,기주봉,배우,1377634.0,갤로퍼,police chief
10003307,기주봉,배우,1447630.0,빈집의 연인들,Pal-bok
10003307,기주봉,배우,101348.0,나쁜 영화,Father
10003307,기주봉,배우,436391.0,군함도,Ahn
10003307,기주봉,배우,1532365.0,철들 무렵,Cheol-taek
10003307,기주봉,배우,1247002.0,파과,Manager Choi
10003307,기주봉,배우,137745.0,초인시대,소장
10003307,기주봉,배우,62644.0,프로듀사,Park Choon-bong
10003307,기주봉,배우,46569.0,부활,Jung Sang-gook
10003307,기주봉,배우,2173.0,연애시대,Lee Dae-hoon
10003307,기주봉,배우,61234.0,리셋,Department head Choi
10003307,기주봉,배우,61087.0,골든 크로스,Jung Gyu-jik
10003307,기주봉,배우,44551.0,"나도, 꽃!",Dispatch chief
10003307,기주봉,배우,14534.0,불멸의 이순신,Yoon Hwan-shi
10003307,기주봉,배우,42592.0,누구세요?,Cha Chul-soo
10003307,기주봉,배우,12938.0,로비스트,Park Joon-gil
10003307,기주봉,배우,14351.0,올인,Bae Sang-doo
10003307,기주봉,배우,66271.0,운빨로맨스,Je Mul-po
10003307,기주봉,배우,38855.0,밤이면 밤마다,Noh Jung-pil
10003307,기주봉,배우,35660.0,메리대구 공방전,Hwang Do-chul
10003307,기주봉,배우,59789.0,파트너,Ji Nam-Cheol
10003307,기주봉,배우,222767.0,LTNS,Samuel’s father
10003957,김동완,배우,,"초혼, 우리들의 노래",
10003957,김동완,배우,,오키나와 블루노트,
10003957,김동완,배우,,"초혼, 다시 부르는 노래",
10003957,김동완,배우,,B컷,
10003957,김동완,배우,,B컷 감독판,
10003957,김동완,배우,,긴 하루,
10003957,김동완,배우,,광대: 소리꾼,
10003957,김동완,배우,,소리꾼,
10003957,김동완,배우,,글로리데이,
10003957,김동완,배우,,어떤이의 꿈,
10003957,김동완,배우,,신화 라이브 3D 더 레전드 컨티뉴스,
10003957,김동완,배우,,연가시,
10003957,김동완,배우,,돌려차기,
10003957,김동완,배우,,긴급조치 19호,
10003957,김동완,배우,,과대망상자들,
10003957,김동완,배우,,시선 사이,
10004210,김민재,배우,,소방관,
10004210,김민재,배우,,최소한의 선의,
10004210,김민재,배우,,범죄도시4,
10004210,김민재,배우,,내 이름은,
10004210,김민재,배우,,거미집,
10004210,김민재,배우,,범죄도시3,
10004210,김민재,배우,,뒤틀린 집,
10004210,김민재,배우,,한산 리덕스,
10004210,김민재,배우,,미혹,
10004210,김민재,배우,,한산: 용의 출현,
10004210,김민재,배우,,당신은 믿지 않겠지만,
10004210,김민재,배우,,최선의 삶,
10004210,김민재,배우,,대외비,
10004210,김민재,배우,,반도,
10004210,김민재,배우,,시동,
10004210,김민재,배우,,생일,
10004210,김민재,배우,,돈,
10004210,김민재,배우,,악질경찰,
10004210,김민재,배우,,성난황소,
10004210,김민재,배우,,당신의 부탁,
10004210,김민재,배우,,염력,
10004210,김민재,배우,,더 킹,
10004210,김민재,배우,,특종: 량첸살인기,
10004210,김민재,배우,,뷰티 인사이드,
10004210,김민재,배우,,베테랑,
10004210,김민재,배우,,무뢰한,
10004210,김민재,배우,,우는 남자,
10004210,김민재,배우,,용의자,
10004210,김민재,배우,,남자사용설명서,
10004210,김민재,배우,,간첩,
10004210,김민재,배우,,작은 연못,
10004210,김민재,배우,,그라운드 제로,
10004210,김민재,배우,,비보호 좌회전,
10004308,김병춘,배우,37502.0,천군,Lee Hee-chul
10004308,김병춘,배우,71011.0,달빛 길어올리기,Artisan Chun
10004308,김병춘,배우,1179323.0,검은 령,Police chief
10004308,김병춘,배우,23538.0,비열한 거리,Detective Woo
10004308,김병춘,배우,27154.0,해피 엔드,Detective
10004308,김병춘,배우,752886.0,강릉,Police Chief
10004308,김병춘,배우,48411.0,어깨너머의 연인,Kim Yong-ho
10004308,김병춘,배우,49214.0,말죽거리 잔혹사,Choi Byeong-sam
10004308,김병춘,배우,52424.0,죽어도 해피엔딩,Gangster
10004308,김병춘,배우,628466.0,소리꾼,Mak-dong
10004308,김병춘,배우,705980.0,갈매기,Gi-taek
10004308,김병춘,배우,737746.0,전 부치러 왔습니다,Hong-gi
10004308,김병춘,배우,27516.0,극락도 살인사건,Engineer Yong-bong
10004308,김병춘,배우,42324.0,조폭 마누라 3,President Yang
10004308,김병춘,배우,214997.0,닥터 차정숙,Yim Jong-gwon
10004308,김병춘,배우,112888.0,여신강림,Vice-principal
10004308,김병춘,배우,44200.0,발효가족,Han Pyeong-man
10004308,김병춘,배우,132925.0,옷소매 붉은 끝동,Sim Hui-won
10004308,김병춘,배우,67417.0,가시꽃,Kang Joo-Chul
10004308,김병춘,배우,72770.0,뱀파이어의 꽃,Ashwel
10004308,김병춘,배우,72851.0,명불허전,Kwon Ji
10004308,김병춘,배우,72821.0,별별 며느리,Choi Soo-Chan
10004308,김병춘,배우,70195.0,자체발광 오피스,Heo Goo-Dong
10004308,김병춘,배우,67781.0,캐리어를 끄는 여자,Manager Hwang
10004308,김병춘,배우,82464.0,배드파파,Park Min-Sik
10004308,김병춘,배우,76521.0,크로스,Park Do-Gyeom
10004308,김병춘,배우,87409.0,더 뱅커,Han Min-Koo
10004308,김병춘,배우,155459.0,사장님을 잠금해제,Kwak Sam-su
10004308,김병춘,배우,135652.0,군검사 도베르만,Military Judge Yang Pil-kyu
10004308,김병춘,배우,39346.0,시티헌터,Jang Woo-hyun
10004308,김병춘,배우,88783.0,초면에 사랑합니다,Koo Suk-Chan
10004308,김병춘,배우,203164.0,힘쎈여자 강남순,Hee-sik's father
10004672,김세연,감독,,하프,
10004672,김세연,감독,,왓니껴,
10004672,김세연,감독,,본아베띠 맛있는 음식,
10004672,김세연,감독,,본아베띠 자극적인 음식,
10004672,김세연,감독,,본아베띠 화려한 음식,
10004672,김세연,감독,,내일로 흐르는 강,
10004672,김세연,감독,,배꼽버스,
10004672,김세연,감독,,개같은 날의 오후,
10004672,김세연,감독,,천재선언,
10004672,김세연,감독,,"301, 302",
10004672,김세연,감독,,손톱,
10004672,김세연,감독,,추격자,
10004672,김세연,감독,,데뷔,
10004672,김세연,감독,,"나, 여기 있어요",
10004920,김연정,음악,,연의 편지,
10004920,김연정,음악,,좀비딸,
10004920,김연정,음악,,안녕하세요,
10004920,김연정,음악,,싱크홀,
10004920,김연정,음악,,기적,
10004920,김연정,음악,,굿바이 썸머,
10004920,김연정,음악,,비밥바룰라,
10004920,김연정,음악,,1급기밀,
10004920,김연정,음악,,임금님의 사건수첩,
10004920,김연정,음악,,아빠는 딸,
10004920,김연정,음악,,굿바이 싱글,
10004920,김연정,음악,,성춘향뎐,
10005580,김정아,음악,386716.0,젊은 엄마 3,Yoo-seo
10005580,김정아,음악,414887.0,마님,Madam (마님)
10005774,김준성,음악,,파과,
10005774,김준성,음악,,늑대사냥,
10005774,김준성,음악,,해피 뉴 이어,
10005774,김준성,음악,,보이스,
10005774,김준성,음악,,내일의 기억,
10005774,김준성,음악,,간호중,
10005774,김준성,음악,,디바,
10005774,김준성,음악,,종이꽃,
10005774,김준성,음악,,죽지않는 인간들의 밤,
10005774,김준성,음악,,저 산 너머,
10005774,김준성,음악,,대전 블루스,
10005774,김준성,음악,,두번할까요,
10005774,김준성,음악,,변신,
10005774,김준성,음악,,"다시, 봄",
10005774,김준성,음악,,리벤져,
10005774,김준성,음악,,허스토리,
10005774,김준성,음악,,메소드,
10005774,김준성,음악,,부라더,
10005774,김준성,음악,,살인자의 기억법,
10005774,김준성,음악,,"당신, 거기 있어줄래요",
10005774,김준성,음악,,계춘할망,
10005774,김준성,음악,,우리 연애의 이력,
10005774,김준성,음악,,시간이탈자,
10005774,김준성,음악,,"날, 보러와요",
10005774,김준성,음악,,고녀석 맛나겠다2 : 함께라서 행복해,
10005774,김준성,음악,,간신,
10005774,김준성,음악,,더 테너 리리코 스핀토,
10005774,김준성,음악,,나의 사랑 나의 신부,
10005774,김준성,음악,,용의자,
10005774,김준성,음악,,캐치미,
10005774,김준성,음악,,집으로 가는 길,
10005774,김준성,음악,,연애의 온도,
10005774,김준성,음악,,"광해, 왕이 된 남자",
10005774,김준성,음악,,공모자들,
10005774,김준성,음악,,내 아내의 모든 것,
10005774,김준성,음악,,통증,
10005774,김준성,음악,,세상에서 가장 아름다운 이별,
10005774,김준성,음악,,이층의 악당,
10005774,김준성,음악,,심야의 F.M.,
10005774,김준성,음악,,베스트셀러,
10005774,김준성,음악,,끝과 시작,
10005774,김준성,음악,,키친,
10005774,김준성,음악,,차우,
10005774,김준성,음악,,핸드폰,
10005774,김준성,음악,,고死 : 피의 중간고사,
10005774,김준성,음악,,더 게임,
10005774,김준성,음악,,세븐 데이즈,
10005774,김준성,음악,,특별시 사람들,
10005774,김준성,음악,,전설의 고향,
10005774,김준성,음악,,조용한 세상,
10005774,김준성,음악,,그해 여름,
10005774,김준성,음악,,구타유발자들,
10005774,김준성,음악,,가발,
10005774,김준성,음악,,말아톤,
10005774,김준성,음악,,하늘색 고향,
10005774,김준성,음악,,별 모양의 얼룩,
10005774,김준성,음악,,폭풍의 언덕,
10006098,김태성,음악,,연의 편지,
10006098,김태성,음악,,좀비딸,
10006098,김태성,음악,,검은 수녀들,
10006098,김태성,음악,,아마존 활명수,
10006098,김태성,음악,,하이재킹,
10006098,김태성,음악,,파묘,
10006098,김태성,음악,,드림,
10006098,김태성,음악,,설계자,
10006098,김태성,음악,,노량: 죽음의 바다,
10006098,김태성,음악,,코코순이,
10006098,김태성,음악,,범죄도시2,
10006098,김태성,음악,,니 부모 얼굴이 보고 싶다,
10006098,김태성,음악,,보호자,
10006098,김태성,음악,,한산 리덕스,
10006098,김태성,음악,,한산: 용의 출현,
10006098,김태성,음악,,인질,
10006098,김태성,음악,,싱크홀,
10006098,김태성,음악,,발신제한,
10006098,김태성,음악,,기적,
10006098,김태성,음악,,브레이크 더 사일런스: 더 무비,
10006098,김태성,음악,,강철비2: 정상회담,
10006098,김태성,음악,,#살아있다,
10006098,김태성,음악,,82년생 김지영,
10006098,김태성,음악,,가장 보통의 연애,
10006098,김태성,음악,,굿바이 썸머,
10006098,김태성,음악,,돌멩이,
10006098,김태성,음악,,우상,
10006098,김태성,음악,,사바하,
10006098,김태성,음악,,극한직업,
10006098,김태성,음악,,국가부도의 날,
10006098,김태성,음악,,바람 바람 바람,
10006098,김태성,음악,,골든슬럼버,
10006098,김태성,음악,,1987,
10006098,김태성,음악,,강철비,
10006098,김태성,음악,,임금님의 사건수첩,
10006098,김태성,음악,,조작된 도시,
10006098,김태성,음악,,형,
10006098,김태성,음악,,굿바이 싱글,
10006098,김태성,음악,,사냥,
10006098,김태성,음악,,탐정 홍길동: 사라진 마을,
10006098,김태성,음악,,그날의 분위기,
10006098,김태성,음악,,도리화가,
10006098,김태성,음악,,검은 사제들,
10006098,김태성,음악,,명량: 회오리 바다를 향하여,
10006098,김태성,음악,,오피스,
10006098,김태성,음악,,한여름의 판타지아,
10006098,김태성,음악,,스물,
10006098,김태성,음악,,헬머니,
10006098,김태성,음악,,그댄 나의 뱀파이어,
10006098,김태성,음악,,신이 보낸 사람,
10006098,김태성,음악,,명량,
10006098,김태성,음악,,한공주,
10006098,김태성,음악,,가시,
10006098,김태성,음악,,완전 소중한 사랑,
10006098,김태성,음악,,블랙 가스펠,
10006098,김태성,음악,,소녀,
10006098,김태성,음악,,감기,
10006098,김태성,음악,,"힘내세요, 병헌씨",
10006098,김태성,음악,,타워,
10006098,김태성,음악,,점쟁이들,
10006098,김태성,음악,,바람과 함께 사라지다,
10006098,김태성,음악,,코리아,
10006098,김태성,음악,,원더풀 라디오,
10006098,김태성,음악,,퍼펙트 게임,
10006098,김태성,음악,,특수본,
10006098,김태성,음악,,최종병기 활,
10006098,김태성,음악,,체포왕,
10006098,김태성,음악,,조금만 더 가까이,
10006098,김태성,음악,,시라노; 연애조작단,
10006098,김태성,음악,,김복남 살인사건의 전말,
10006098,김태성,음악,,회오리 바람,
10006098,김태성,음악,,슬픔보다 더 슬픈 이야기,
10006098,김태성,음악,,1724 기방난동사건,
10006098,김태성,음악,,크로싱,
10006098,김태성,음악,,가루지기,
10006098,김태성,음악,,백만장자의 첫사랑,
10006098,김태성,음악,,다섯번째 계절,
10006098,김태성,음악,,한길수,
10006098,김태성,음악,,분홍신,
10006098,김태성,음악,,엄마 찾아 삼만리,
10006098,김태성,음악,,안녕! 유에프오,
10006098,김태성,음악,,언덕 밑 세상,
10006098,김태성,음악,,올 가을의 트렌드,
10006098,김태성,음악,,"헤이, 톰",
10006098,김태성,음악,,구름이 되고 싶어!,
10006098,김태성,음악,,길잃은시간,
10006098,김태성,음악,,이젠 괜찮아,
10006098,김태성,음악,,적의 사과,
10006098,김태성,음악,,드라이버,
10006098,김태성,음악,,모놀로그 #1,
10006098,김태성,음악,,낙원,
10006098,김태성,음악,,영재를 기다리며,
10006098,김태성,음악,,울아빠,
10006506,김훈희,촬영,,안동,
10006506,김훈희,촬영,,스위트홈 감독판,
10006506,김훈희,촬영,,깨복쟁이,
10006506,김훈희,촬영,,CCTV,
10006506,김훈희,촬영,,구르는 수레바퀴,
10006506,김훈희,촬영,,캠핑,
10006506,김훈희,촬영,,"봄, 눈",
10006506,김훈희,촬영,,아름다운 유산,
10006506,김훈희,촬영,,히어로,
10006506,김훈희,촬영,,신기전,
10006506,김훈희,촬영,,"여름, 속삭임",
10006506,김훈희,촬영,,마을금고 연쇄습격사건,
10006506,김훈희,촬영,,사생결단,
10006506,김훈희,촬영,,주홍글씨,
10006506,김훈희,촬영,,시실리 2km,
10006506,김훈희,촬영,,아카시아(Acacia),
10006506,김훈희,촬영,,휘파람공주,
10006506,김훈희,촬영,,세이예스,
10007517,남명렬,배우,878516.0,아득히 먼 춤,Manager Android
10007517,남명렬,배우,606400.0,교섭,President
10007517,남명렬,배우,821661.0,해피 뉴 이어,Director Choi
10007517,남명렬,배우,933444.0,스틸사진,Professor Choi
10007517,남명렬,배우,267229.0,지상만가,Director
10007517,남명렬,배우,626872.0,비상선언,Blue House Chief of Security
10007517,남명렬,배우,437078.0,침묵,Defense lawyer
10007517,남명렬,배우,660360.0,노량: 죽음의 바다,Yun Du-su
10007517,남명렬,배우,1219394.0,커미션,Jin-pil
10007517,남명렬,배우,216027.0,처녀들의 저녁식사,Chang-yun
10007517,남명렬,배우,335502.0,쿼바디스,Old Pastor/Jesus
10007517,남명렬,배우,10355.0,쉬리,Kwan-ho
10007517,남명렬,배우,1292868.0,종의 소리,Father
10007517,남명렬,배우,364505.0,필름시대사랑,Old man
10007517,남명렬,배우,30843.0,서양골동양과자점 앤티크,Mr. Chun
10007517,남명렬,배우,522811.0,탐정: 리턴즈,Orphanage Director Woo Won-il
10007517,남명렬,배우,488623.0,기억의 밤,Professor Choi
10007517,남명렬,배우,603314.0,블랙머니,Na-ri's Father
10007517,남명렬,배우,302660.0,"미안해, 고마워",Dr. Oh
10007517,남명렬,배우,81481.0,도가니,Professor Kim Jung-woo
10007517,남명렬,배우,116488.0,내 아내의 모든 것,Divorce Court Judge
10007517,남명렬,배우,296633.0,제보자,Professor Yoo Jong-jin
10007517,남명렬,배우,654739.0,발신제한,CEO
10007517,남명렬,배우,1247002.0,파과,Dr. Chang
10007517,남명렬,배우,96160.0,나 홀로 그대,Baek Nam-Gyu
10007517,남명렬,배우,139280.0,퀸메이커,Hwang Ju-il
10007517,남명렬,배우,135751.0,태종 이방원,Lee Saek
10007517,남명렬,배우,215320.0,넘버스: 빌딩숲의 감시자들,Jang In-ho
10007517,남명렬,배우,70581.0,써클: 이어진 두 세계,Yoon Hak-Joo
10007517,남명렬,배우,72821.0,별별 며느리,Hwang Ho-Sik
10007517,남명렬,배우,196906.0,닥터로이어,Lim Tae-Moon
10007517,남명렬,배우,135238.0,경성크리처,Tailor
10007517,남명렬,배우,62267.0,순정에 반하다,Lee Jung-goo
10007517,남명렬,배우,133775.0,블랙의 신부,Son Pil-young
10007517,남명렬,배우,87409.0,더 뱅커,Park Jin-Ho
10007517,남명렬,배우,61678.0,미생,Baduk master
10007517,남명렬,배우,3215.0,커피프린스 1호점,Lee Myung-jae
10007517,남명렬,배우,90699.0,악마가 너의 이름을 부를 때,Chairman Song Yeon-Mo
10007517,남명렬,배우,96102.0,슬기로운 의사생활,Yang Tae-yang
10019055,류성현,배우,740441.0,스마트폰을 떨어뜨렸을 뿐인데,Chief of Detective
10019055,류성현,배우,955555.0,범죄도시 3,Jung Gyeong-sik
10019055,류성현,배우,302945.0,정사,Gi-hoon (기훈)
10019055,류성현,배우,437068.0,택시운전사,Driver Ryoo
10019055,류성현,배우,165213.0,신세계,Executive (uncredited)
10019055,류성현,배우,806128.0,올빼미,Senior physician
10019055,류성현,배우,510007.0,덕구,Gwang-woo
10019055,류성현,배우,1002088.0,크로스,Commander
10019055,류성현,배우,310574.0,서프라이즈,Cop 2
10019055,류성현,배우,604360.0,제8일의 밤,Poacher
10019055,류성현,배우,766369.0,브로큰,Service ledger
10019055,류성현,배우,1269208.0,84제곱미터,Real Estate Agent
10019055,류성현,배우,517991.0,공작,Train Customs Officer
10019055,류성현,배우,92983.0,배가본드,Chief Choi [NIS]
10019055,류성현,배우,218290.0,고려 거란 전쟁,Kim Hoon
10019055,류성현,배우,87409.0,더 뱅커,Park Jung-Bae
10019055,류성현,배우,136283.0,더 글로리,Lee Seok-jae
10019055,류성현,배우,228689.0,다 이루어질지니,Park Dong-Won (Police)
10019501,리민,배우,465088.0,붉은 비키니,I-ji  (이지)
10024867,막스 폰 시도우,배우,180.0,마이너리티 리포트,Director Lamar Burgess
10024867,막스 폰 시도우,배우,490.0,제7의 봉인,Antonius Block
10024867,막스 폰 시도우,배우,614.0,산딸기,Åkerman
10024867,막스 폰 시도우,배우,2131.0,Hostile Waters,Admiral Chernavin
10024867,막스 폰 시도우,배우,10219.0,삼나무에 내리는 눈,Nels Gudmundsson
10024867,막스 폰 시도우,배우,841.0,듄,Doctor Kynes
10024867,막스 폰 시도우,배우,959896.0,Max von Sydow,Self (archive footage)
10024867,막스 폰 시도우,배우,2428.0,위대한 생애,Jesus
10024867,막스 폰 시도우,배우,10341.0,이 세상 끝까지,Henry Farber
10024867,막스 폰 시도우,배우,10657.0,욕망을 파는 집,Leland Gaunt
10024867,막스 폰 시도우,배우,2013.0,잠수종과 나비,Papinou
10024867,막스 폰 시도우,배우,3604.0,제국의 종말,The Emperor Ming
10024867,막스 폰 시도우,배우,10856.0,인택토,Samuel
10024867,막스 폰 시도우,배우,11005.0,사랑의 기적,Peter Ingham
10024867,막스 폰 시도우,배우,11174.0,정복자 펠레,Lasse Karlsson - Farmhand
10024867,막스 폰 시도우,배우,11188.0,니벨룽겐의 반지,Eyvind
10024867,막스 폰 시도우,배우,20662.0,로빈후드,Sir Walter Loxley
10024867,막스 폰 시도우,배우,5143.0,한나와 그 자매들,Frederick
10024867,막스 폰 시도우,배우,5174.0,러시아워 3,Varden Reynard
10024867,막스 폰 시도우,배우,11324.0,셔터 아일랜드,Dr. Naehring
10024867,막스 폰 시도우,배우,11586.0,엑소시스트 2,Father Lankester Merrin
10024867,막스 폰 시도우,배우,1084821.0,Dansen kring Guldbaggen,Self
10024867,막스 폰 시도우,배우,11602.0,창문을 통해 어렴풋이,Martin
10024867,막스 폰 시도우,배우,24099.0,드림스케이프,Paul Novotny
10024867,막스 폰 시도우,배우,1086407.0,A Look at Liv,Self
10024867,막스 폰 시도우,배우,11656.0,처녀의 샘,Töre
10024867,막스 폰 시도우,배우,24365.0,L'inchiesta,Tiberius
10024867,막스 폰 시도우,배우,11963.0,코드 네임 콘돌,G. Joubert
10024867,막스 폰 시도우,배우,31696.0,죽음 전의 키스,Thor Carlsson
10024867,막스 폰 시도우,배우,32053.0,최후의 용사,Baron
10024867,막스 폰 시도우,배우,12159.0,천국보다 아름다운,The Tracker
10024867,막스 폰 시도우,배우,25388.0,라스트 부르맨,François Marneau
10024867,막스 폰 시도우,배우,12554.0,시티즌 X,Dr. Alexandr Bukhanovsky
10024867,막스 폰 시도우,배우,9065.0,유로파,Narrator (voice)
10024867,막스 폰 시도우,배우,9482.0,저지 드레드,Chief Justice Fargo
10024867,막스 폰 시도우,배우,26372.0,수치,Jan Rosenberg
10024867,막스 폰 시도우,배우,9552.0,엑소시스트,Father Lankester Merrin
10024867,막스 폰 시도우,배우,12911.0,검의 제왕,Guttuart
10024867,막스 폰 시도우,배우,12921.0,스트레인지 브루,Brewmeister Smith
10024867,막스 폰 시도우,배우,9387.0,코난: 바바리안,King Osric
10024867,막스 폰 시도우,배우,32985.0,솔로몬 케인,Josiah Kane
10024867,막스 폰 시도우,배우,27693.0,Emotional Arithmetic,Jakob Bronski
10024867,막스 폰 시도우,배우,40732.0,우트반드라나,Karl Oskar
10024867,막스 폰 시도우,배우,14403.0,Un homme et son chien,Le commandant
10024867,막스 폰 시도우,배우,41764.0,최선의 의도,Johan Åkerblom
10024867,막스 폰 시도우,배우,29453.0,마술사,Albert Emanuel Vogler
10024867,막스 폰 시도우,배우,29455.0,겨울 빛,Jonas Persson
10024867,막스 폰 시도우,배우,36670.0,007 네버 세이 네버 어게인,Ernst Stavro Blofeld
10024867,막스 폰 시도우,배우,42488.0,뉴 랜드,Karl Oskar
10024867,막스 폰 시도우,배우,42602.0,안나의 열정,Andreas Winkelman
10024867,막스 폰 시도우,배우,14689.0,하와이,Abner Hale
10024867,막스 폰 시도우,배우,60899.0,생명에 가까이,Harry Andersson
10024867,막스 폰 시도우,배우,43625.0,하이디,Uncle Alp
10024867,막스 폰 시도우,배우,62789.0,고귀한 희생,Supreme Court President
10024867,막스 폰 시도우,배우,914189.0,Minns ni?,(archive footage)
10024867,막스 폰 시도우,배우,128462.0,The Horror Hall of Fame: A Monster Salute,Self (archive footage)
10024867,막스 폰 시도우,배우,62352.0,사적인 고백,Jacob
10024867,막스 폰 시도우,배우,918640.0,"Belmondo, il était une fois le beau monde",Self
10024867,막스 폰 시도우,배우,45817.0,크렘린 레터,Colonel Kosnov
10024867,막스 폰 시도우,배우,45983.0,애플 워,Roy Lindberg
10024867,막스 폰 시도우,배우,46041.0,비밀첩보원 퀼러,Oktober
10024867,막스 폰 시도우,배우,64685.0,엄청나게 시끄럽고 믿을 수 없게 가까운,The Renter
10024867,막스 폰 시도우,배우,48203.0,타타르인의 사막,Cap. Ortiz
10024867,막스 폰 시도우,배우,39436.0,슬립리스,Moretti
10024867,막스 폰 시도우,배우,18650.0,영양 제리,Groom
10024867,막스 폰 시도우,배우,17360.0,승리의 탈출,Major Karl von Steiner
10024867,막스 폰 시도우,배우,18333.0,늑대의 시간,Johan Borg
10024867,막스 폰 시도우,배우,51880.0,Oscar et la dame rose,Le docteur Dusseldorf
10024867,막스 폰 시도우,배우,1123417.0,Delblanc,Narrator (voice)
10024867,막스 폰 시도우,배우,52964.0,Duet for One,Dr. Louis Feldman
10024867,막스 폰 시도우,배우,72086.0,The Night Visitor,Salem
10024867,막스 폰 시도우,배우,72412.0,Brass Target,Shelley Martin Webber
10024867,막스 폰 시도우,배우,72785.0,독수리호의 모험,Salomon August Andrée
10024867,막스 폰 시도우,배우,150578.0,Ljuset håller mig sällskap,Self
10024867,막스 폰 시도우,배우,74948.0,Steppenwolf,Harry Haller
10024867,막스 폰 시도우,배우,74974.0,Code Name: Emerald,Jürgen Brausch
10024867,막스 폰 시도우,배우,74603.0,La fuga degli innocenti,Valobra
10024867,막스 폰 시도우,배우,75641.0,세인트 루이스호의 대학살,Captain Schroeder
10024867,막스 폰 시도우,배우,938582.0,Och ge oss skuggorna,Eugene O'Neill
10024867,막스 폰 시도우,배우,58203.0,블랙 저널,Lisa Carpi / Carabinieri Marshal
10024867,막스 폰 시도우,배우,58430.0,Solomon,Davide
10024867,막스 폰 시도우,배우,79118.0,함순,Knut Hamsun
10024867,막스 폰 시도우,배우,105687.0,Cuore di cane,Professor Filipp Filippovich Preobrazenski
10024867,막스 폰 시도우,배우,104846.0,The Fear of God: 25 Years of The Exorcist,Self - Father Merrin
10024867,막스 폰 시도우,배우,2978.0,고스트버스터즈 2,Vigo (voice) (uncredited)
10024867,막스 폰 시도우,배우,105254.0,접촉,Andreas Vergerus
10024867,막스 폰 시도우,배우,108506.0,The Reward,Scott Swenson
10024867,막스 폰 시도우,배우,142097.0,The Soldier's Tale,The Devil (voice)
10024867,막스 폰 시도우,배우,143894.0,Conan Unchained: The Making of 'Conan',Self
10024867,막스 폰 시도우,배우,128745.0,Dypets ensomhet,Narrator (voice)
10024867,막스 폰 시도우,배우,112090.0,브랜디드,Marketing Guru
10024867,막스 폰 시도우,배우,116439.0,폭스트롯,Larsen
10024867,막스 폰 시도우,배우,135390.0,Ägget är löst!,The Father
10024867,막스 폰 시도우,배우,185971.0,Mio caro dottor Gräsler,Von Schleheim
10024867,막스 폰 시도우,배우,168777.0,Oviri,August Strindberg
10024867,막스 폰 시도우,배우,168976.0,The Silent Touch,Henry Kesdi
10024867,막스 폰 시도우,배우,211485.0,온리 어 마더,Nils
10024867,막스 폰 시도우,배우,220378.0,Älskarinnan,The Man
10024867,막스 폰 시도우,배우,226594.0,예루살렘,Vicar
10024867,막스 폰 시도우,배우,227683.0,Jugando con la muerte,Coronel O'Donnell
10024867,막스 폰 시도우,배우,140607.0,스타워즈 에피소드 7: 깨어난 포스,Lor San Tekka
10024867,막스 폰 시도우,배우,266701.0,Father,Joe Mueller
10024867,막스 폰 시도우,배우,269729.0,"Red King, White Knight",Szaz
10024867,막스 폰 시도우,배우,277660.0,Max Von Sydow: Dialogues with The Renter,Self
10024867,막스 폰 시도우,배우,277984.0,Rätten att älska,Bergman
10024867,막스 폰 시도우,배우,890547.0,Ingen mans kvinna,Olof
10024867,막스 폰 시도우,배우,74363.0,Nils Holgerssons underbara resa,The Father
10024867,막스 폰 시도우,배우,1017937.0,Stjärnbilder,(archive footage)
10024867,막스 폰 시도우,배우,314959.0,Samson and Delilah,Sidka
10024867,막스 폰 시도우,배우,9646.0,히얼스 유어 라이프,Smålands-Pelle
10024867,막스 폰 시도우,배우,125882.0,Oxen,Vicar
10024867,막스 폰 시도우,배우,338433.0,Svarta palmkronor,Gustav Olofsson
10024867,막스 폰 시도우,배우,345492.0,Bugie bianche,Marcello Herrighe
10024867,막스 폰 시도우,배우,353375.0,Uppehåll i myrlandet,Alex Kvist
10024867,막스 폰 시도우,배우,773740.0,Let Poland Be Poland,Self - Co-Host
10024867,막스 폰 시도우,배우,361189.0,Herr Sleeman kommer,Hunter
10024867,막스 폰 시도우,배우,368275.0,Spion 503,"Horst, Gestapo-mand"
10024867,막스 폰 시도우,배우,218275.0,마더 데레사의 편지,Celeste van Exem
10024867,막스 폰 시도우,배우,365219.0,The Second Victory,Dr. Huber
10024867,막스 폰 시도우,배우,75162.0,허리케인,Dr. Danielsson
10024867,막스 폰 시도우,배우,377853.0,"Les Premiers, les Derniers",Le croque-mort
10024867,막스 폰 시도우,배우,382965.0,Rabies,Bo Stensson Svenningson
10024867,막스 폰 시도우,배우,386483.0,Le dernier civil,Gérard Bauerle
10024867,막스 폰 시도우,배우,387161.0,En frusen dröm,S.A. Andrée (voice)
10024867,막스 폰 시도우,배우,392314.0,She Dances Alone,Nijinsky's voice
10024867,막스 폰 시도우,배우,402403.0,Una vita scellerata,Pope Clement VII
10024867,막스 폰 시도우,배우,291305.0,Kojak The Belarus File,Peter Barak
10024867,막스 폰 시도우,배우,268651.0,Made in Sweden,Magnus Rud
10024867,막스 폰 시도우,배우,299668.0,히로시마 원폭 투하,Father Siemes
10024867,막스 폰 시도우,배우,401200.0,쿠르스크,Admiral Vladimir Petrenko
10024867,막스 폰 시도우,배우,301133.0,Il Pentito,Spinola
10024867,막스 폰 시도우,배우,472504.0,4 x 4,Kvist
10024867,막스 폰 시도우,배우,94895.0,La principessa e il povero,Epos
10024867,막스 폰 시도우,배우,496637.0,드래곤 3D,Dr. Alistair Conis
10024867,막스 폰 시도우,배우,511896.0,The Diary of Anne Frank,Otto Frank
10024867,막스 폰 시도우,배우,441281.0,Morfars resa,Simon S.L. Fromm
10024867,막스 폰 시도우,배우,514448.0,Onkel Vanja,The Professor
10024867,막스 폰 시도우,배우,222040.0,The Adventures of Young Indiana Jones: The Perils of Cupid,Freud
10024867,막스 폰 시도우,배우,345573.0,마지막 트롤,The Last Norweigian Troll (voice)
10024867,막스 폰 시도우,배우,532063.0,Atlanten,Narrator (voice)
10024867,막스 폰 시도우,배우,533134.0,Ingmar Bergman,Self
10024867,막스 폰 시도우,배우,562094.0,An Introduction to Ingmar Bergman,Self
10024867,막스 폰 시도우,배우,568216.0,Captured: Meet Robert A. Robinson Photographer,Narrator (voice)
10024867,막스 폰 시도우,배우,343042.0,Embassy,Gorenko
10024867,막스 폰 시도우,배우,7978.0,울프맨,Passenger on Train (Director's Cut) (uncredited)
10024867,막스 폰 시도우,배우,566680.0,Le Cercle des passions,Carlo di Vilalfratti
10024867,막스 폰 시도우,배우,199816.0,George Stevens: A Filmmaker's Journey,Self
10024867,막스 폰 시도우,배우,658578.0,Bröllopsdagen,Anders Frost
10024867,막스 폰 시도우,배우,683037.0,Behind the Moomins,Narrator (voice)
10024867,막스 폰 시도우,배우,3418.0,데쓰워치,Gerald Mortenhoe
10024867,막스 폰 시도우,배우,570986.0,Time is Money,Joe Kaufman
10024867,막스 폰 시도우,배우,565085.0,Trompe l'œil,Matthew Lawrence
10024867,막스 폰 시도우,배우,753652.0,Foreign Filmmakers in Hollywood,Self
10024867,막스 폰 시도우,배우,58427.0,삼손과 데릴라,Narrator (voice) (uncredited)
10024867,막스 폰 시도우,배우,844227.0,Καλάβρυτα 1943,Nikolas Andreou (Aged)
10024867,막스 폰 시도우,배우,461474.0,Ingmar Bergman: The Magic Lantern,Voice
10024867,막스 폰 시도우,배우,865386.0,Prästen i Uddarbo,Gustaf Ömark
10024867,막스 폰 시도우,배우,355010.0,"East of the Sun, West of the Moon",Narrator (voice)
10024867,막스 폰 시도우,배우,919946.0,Destination Dune,Self
10024867,막스 폰 시도우,배우,661.0,The Young Indiana Jones Chronicles,Sigmund Freud
10024867,막스 폰 시도우,배우,2942.0,튜더스,Cardinal Von Waldburg
10024867,막스 폰 시도우,배우,17760.0,The Last Place on Earth,Fridtjof Nansen
10024867,막스 폰 시도우,배우,45861.0,Radetzkymarsch,Baron Franz von Trotta und Sipolje
10024867,막스 폰 시도우,배우,1399.0,왕좌의 게임,Three-Eyed Raven
10024867,막스 폰 시도우,배우,77204.0,Quo Vadis?,Petrus
10024867,막스 폰 시도우,배우,48332.0,Cristoforo Colombo,Re Giovanni del Portogallo
10024867,막스 폰 시도우,배우,52988.0,Gösta Berlings saga,Melchior Sinclaire
10024867,막스 폰 시도우,배우,86691.0,L'inchiesta - Anno Domini XXXIII,Tiberio
10024867,막스 폰 시도우,배우,41419.0,Professione fantasma,Psicoanalista dell’aldilà
10024867,막스 폰 시도우,배우,88795.0,Grimme-Preis,Self
10024867,막스 폰 시도우,배우,158599.0,A che punto è la notte,Arcivescovo di Torino
10024867,막스 폰 시도우,배우,456.0,심슨 가족,Klaus Ziegler (voice)
10024867,막스 폰 시도우,배우,104498.0,Guldbaggegalan,Self - Best Director winner
10024867,막스 폰 시도우,배우,115738.0,Ring of the Nibelungs,Eyvind
10024867,막스 폰 시도우,배우,71494.0,골든 글로브상,Self - Nominee / Presenter
10024867,막스 폰 시도우,배우,7389.0,뉘른베르크,Samuel Rosenman
10026760,문영동,배우,16138.0,알포인트,Corporal Byun
10026760,문영동,배우,79224.0,최종병기 활,Woo-ring-ga
10026760,문영동,배우,1172563.0,지난 여름,Father
10026760,문영동,배우,401133.0,비밀은 없다,Detective
10026760,문영동,배우,13311.0,홀리데이,Kwon Sang-ho
10026760,문영동,배우,282631.0,명량,Kim Dol-son
10026760,문영동,배우,499646.0,살아남은 아이,Chief Paperhanger
10026760,문영동,배우,621308.0,사랑의 선물,Kim Kang-ho
10026760,문영동,배우,630892.0,메모리즈,Sang-jin
10026760,문영동,배우,438984.0,휴가,President Kim
10026760,문영동,배우,324671.0,어우동: 주인없는 꽃,Park Kang-cheong
10026760,문영동,배우,202783.0,살인자ㅇ난감,Lee Gwang-hoon
10026760,문영동,배우,61890.0,"하이드 지킬, 나",Park Hee-bong
10026804,문제용,감독,,내 심장을 쏴라,
10026804,문제용,감독,,아부의 왕,
10026804,문제용,감독,,슈퍼맨이었던 사나이,
10026804,문제용,감독,,타짜,
10026804,문제용,감독,,내 생애 가장 아름다운 일주일,
10026804,문제용,감독,,쌍둥이들,
10026804,문제용,감독,,시린 귀를 감싸며,
10028600,박명신,배우,26955.0,오아시스,Woman Neighbor
10028600,박명신,배우,750978.0,제비,Jin-gyeong
10028600,박명신,배우,47909.0,시,Hee-jin's Mother
10028600,박명신,배우,214910.0,화이: 괴물을 삼킨 아이,Assemblywoman Jeong
10028600,박명신,배우,981820.0,대리운전 브이로그,So-jung's oldest sister
10028600,박명신,배우,38015.0,타짜,Middle-aged Woman 1
10028600,박명신,배우,957256.0,그렇고 그런 사이,Chun-ja
10028600,박명신,배우,1137171.0,모르는 이야기,Mother
10028600,박명신,배우,371380.0,장례식의 멤버,Jung-Hee
10028600,박명신,배우,55767.0,우리 동네,Yeo Sa-jang
10028600,박명신,배우,137298.0,인어공주,Bathhouse Owner
10028600,박명신,배우,335157.0,비치하트애솔,woman in car
10028600,박명신,배우,193709.0,환상속의 그대,Myung-shin
10028600,박명신,배우,2015.0,밀양,Female Missionary
10028600,박명신,배우,281780.0,군도: 민란의 시대,Choi's Wife
10028600,박명신,배우,199814.0,우리에게 내일은 없다,Jong-Dae's mother
10028600,박명신,배우,213153.0,전설의 고향,nanny
10028600,박명신,배우,30018.0,마더,Female Owner
10028600,박명신,배우,241885.0,붉은 가족,Toad Woman
10028600,박명신,배우,79224.0,최종병기 활,Kim Mu-seon's Wife
10028600,박명신,배우,26138.0,형사,Gi-saeng's Mother (uncredited)
10028600,박명신,배우,352584.0,부곡 하와이,Ja-Young
10028600,박명신,배우,264273.0,방황하는 칼날,Min-ki's Mother
10028600,박명신,배우,331251.0,스물,Chi-ho's Mother
10028600,박명신,배우,300498.0,거인,Yoon-mi's Mother
10028600,박명신,배우,299244.0,슬로우 비디오,Jang-Boo's mother
10028600,박명신,배우,382336.0,동주,Mong-gyu's Mother
10028600,박명신,배우,396535.0,부산행,Jong-gil
10028600,박명신,배우,426419.0,우리 손자 베스트,Sookhee
10028600,박명신,배우,118182.0,낙타(들),Myeong-heui
10028600,박명신,배우,527436.0,허스토리,CEO Jung Dae-hyeob
10028600,박명신,배우,120247.0,작은 연못,Gae-bi's mom
10028600,박명신,배우,48895.0,시실리 2km,Dae-soon
10028600,박명신,배우,373656.0,사랑해... 말순씨,Jae-myung's mother
10028600,박명신,배우,4550.0,친절한 금자씨,Dong-hwa's Mother
10028600,박명신,배우,670.0,올드보이,Young-ja
10028600,박명신,배우,547991.0,멀리가지마라,Kim Yeong-eun
10028600,박명신,배우,646291.0,구천리 마을잔치,Hyung-geun's mother
10028600,박명신,배우,558432.0,리코더 시험,Mother
10028600,박명신,배우,584586.0,0.0MHz,So-hee's Mother
10028600,박명신,배우,765006.0,앰부배깅,Chief Nurse
10028600,박명신,배우,242363.0,카멜리아,"Customer (segment ""Love for Sale"")"
10028600,박명신,배우,716863.0,좀비크러쉬: 헤이리,Jo A Young
10028600,박명신,배우,607844.0,모가디슈,Bae Yeong-sook
10028600,박명신,배우,995926.0,베테랑 2,School Principal
10028600,박명신,배우,875153.0,카시오페아,Caregiver
10028600,박명신,배우,1247002.0,파과,Hospital Director
10028600,박명신,배우,1316719.0,얼굴,Aunt
10028600,박명신,배우,716854.0,고백,박오순 母
10028600,박명신,배우,113623.0,보쌈 - 운명을 훔치다,Mrs Kim
10028600,박명신,배우,70440.0,터널,Lee Sun Ok
10028600,박명신,배우,203697.0,연예인 매니저로 살아남기,Hanbok shop owner
10028600,박명신,배우,137520.0,불가살,Lee Hye Suk / Shaman
10028600,박명신,배우,74000.0,20세기 소년소녀,Kim Young-Ja
10028600,박명신,배우,87553.0,그녀의 사생활,Nam Se-yeon
10028600,박명신,배우,82298.0,여우각시별,Oh Dae-Ki's mother
10028600,박명신,배우,235577.0,지옥에서 온 판사,Min-jeong's mom
10028600,박명신,배우,239006.0,트리거,Shaman (Eps 7)
10028600,박명신,배우,259710.0,컨피던스 맨 KR,Cheon Myeong-shin
10028600,박명신,배우,228689.0,다 이루어질지니,Grandma Sa Ok-Nam
10028629,박미현,배우,4552.0,"장화, 홍련",Birth Mother
10028629,박미현,배우,634595.0,자백,Front Desk Staff
10028629,박미현,배우,72066.0,아이들...,Won-kil's Mother
10028629,박미현,배우,933029.0,Traces of Love,Manager Kim
10028629,박미현,배우,91073.0,만추,Gil-soon
10028629,박미현,배우,546593.0,꼭두 이야기,Mother
10028629,박미현,배우,972435.0,너와 나,Se-mi's Mother
10028629,박미현,배우,635996.0,원더랜드,Hyun-mi
10028629,박미현,배우,426214.0,황금시대,Wife
10028629,박미현,배우,108823.0,은하해방전선,Delegate Choi
10028629,박미현,배우,1001010.0,속초에서의 겨울,Soo-Ha's Mother
10028629,박미현,배우,415367.0,탈주,Mi-hyeon
10028629,박미현,배우,269358.0,신촌좀비만화,Soo-Min's mother
10028629,박미현,배우,256103.0,야간비행,Yong-ju's Mother
10028629,박미현,배우,25912.0,사과,Sun-young
10028629,박미현,배우,395851.0,동백꽃,Woman
10028629,박미현,배우,64223.0,가족의 탄생,Mi-hyun
10028629,박미현,배우,33199.0,후회하지 않아,Restaurant Manager
10028629,박미현,배우,321449.0,시선 너머,Joon-young's Mother
10028629,박미현,배우,638433.0,굿 로맨스,Mi-hyeon
10028629,박미현,배우,750978.0,제비,Eun-sook
10028629,박미현,배우,101348.0,나쁜 영화,Girl
10028629,박미현,배우,574297.0,생일,Cashier
10028629,박미현,배우,287647.0,카트,Gyeong-jun's Mother
10028629,박미현,배우,193709.0,환상속의 그대,Nurse
10028629,박미현,배우,609598.0,내가 죽던 날,Helper
10028629,박미현,배우,1450420.0,맨홀,Mother
10028629,박미현,배우,1482692.0,제비 jebi,Cha Eun-sook
10028629,박미현,배우,1496946.0,피크닉,Mother
10028629,박미현,배우,110534.0,D.P.,Jun-ho's Mother
10028629,박미현,배우,128883.0,갯마을 차차차,Cho-hui's mother
10028629,박미현,배우,128184.0,홈타운,Jung Kyung-sook
10028629,박미현,배우,70626.0,비밀의 숲,Park Gwang-su's wife
10028629,박미현,배우,201084.0,O'PENing,Kim Bok-ja
10028629,박미현,배우,112833.0,소년심판,Kang Won-jung's wife
10028629,박미현,배우,236199.0,"미나씨, 또 프사 바뀌었네요?",Mi-na's mother
10028629,박미현,배우,99047.0,청춘기록,Jung-ha's Mother
10028629,박미현,배우,211746.0,사랑의 이해,Sim Gyeong-suk
10028629,박미현,배우,135658.0,백설공주에게 죽음을-Black Out,Lee Jae-hee
10028629,박미현,배우,218538.0,페이스 미,Oh Young-sook
10028629,박미현,배우,93405.0,오징어 게임,Sae-byeok's mother
10028629,박미현,배우,227191.0,나인 퍼즐,Hong Ra-eun / Hansaem's Mother
10028629,박미현,배우,233742.0,뉴토피아,Kang Young-ju Mother
10029305,박지아,배우,877429.0,"그 겨울, 나는",Kyung-hak's aunt
10029305,박지아,배우,508642.0,곤지암,Hospital Director
10029305,박지아,배우,612552.0,귀신의 향기,Class president
10029305,박지아,배우,571625.0,클로젯,Shaman
10029305,박지아,배우,1046809.0,만분의 일초,Jae-woo's mother
10029305,박지아,배우,82412.0,귀향,Seong Nyeo
10029305,박지아,배우,1416.0,해안선,Mi-yeong
10029305,박지아,배우,133476.0,무게,Dong-bae
10029305,박지아,배우,342160.0,혜경궁 홍씨,최상궁
10029305,박지아,배우,1280.0,빈집,Jee-ah
10029305,박지아,배우,113.0,봄 여름 가을 겨울 그리고 봄,Baby's Mother
10029305,박지아,배우,77449.0,기담,Mother
10029305,박지아,배우,25647.0,숨,Hong Joo-yeon
10029305,박지아,배우,314569.0,살인재능,Cafe Owner
10029305,박지아,배우,416146.0,여고생,Choi Min-jeong
10029305,박지아,배우,8652.0,비몽,Jin's Ex-lover
10029305,박지아,배우,133200.0,"광해, 왕이 된 남자",Lady Han
10029305,박지아,배우,452714.0,석조저택 살인사건,Ms. Sung
10029305,박지아,배우,310001.0,서울 캠프 1986,Han Jong-ok
10029305,박지아,배우,537190.0,창궐,Dol-gae's Mother
10029305,박지아,배우,1147710.0,하이재킹,Yong-dae's Mother
10029305,박지아,배우,1247002.0,파과,Carer for the Elderly with Dementia
10029305,박지아,배우,649662.0,첫잔처럼,Young-soon
10029305,박지아,배우,136733.0,붉은 단심,Senior Court Lady Han
10029305,박지아,배우,136283.0,더 글로리,Jeong Mi-hee
10031352,변봉선,촬영,,얼굴,
10031352,변봉선,촬영,,시스터(가제),
10031352,변봉선,촬영,,젠틀맨,
10031352,변봉선,촬영,,타짜: 원 아이드 잭,
10031352,변봉선,촬영,,염력,
10031352,변봉선,촬영,,대립군,
10031352,변봉선,촬영,,탐정 홍길동: 사라진 마을,
10031352,변봉선,촬영,,인간중독,
10031352,변봉선,촬영,,캐치미,
10031352,변봉선,촬영,,더 테러 라이브,
10031352,변봉선,촬영,,런닝맨,
10031352,변봉선,촬영,,범죄소년,
10031352,변봉선,촬영,,태어나서 미안해,
10031352,변봉선,촬영,,파수꾼,
10031352,변봉선,촬영,,백야행,
10031352,변봉선,촬영,,추격자,
10031352,변봉선,촬영,,"대한이, 민국씨",
10031352,변봉선,촬영,,마강호텔,
10031352,변봉선,촬영,,울게 하소서,
10031352,변봉선,촬영,,바나나 쉐이크,
10031352,변봉선,촬영,,고백 한 잔,
10031352,변봉선,촬영,,바람만 안 불면 괜찮은 공기,
10031352,변봉선,촬영,,웅이 이야기,
10031384,변준석,감독,,에일리언 밴드,
10031384,변준석,감독,,하루,
10031384,변준석,감독,,찜,
10031384,변준석,감독,,고스트 맘마,
10031384,변준석,감독,,48+1,
10031718,브누와 쟉꼬,감독,206408.0,차이니즈 퍼즐,Xavier's Dad
10031718,브누와 쟉꼬,감독,1186800.0,Catherine Deneuve à son image,Self
10031718,브누와 쟉꼬,감독,998764.0,Par cœurs,Voice
10031718,브누와 쟉꼬,감독,419023.0,"Lubitsch, le patron",Self
10031718,브누와 쟉꼬,감독,164246.0,La Mémoire courte,Le secrétaire de Monsieur Mann
10031718,브누와 쟉꼬,감독,388722.0,Les Ministères de l'art,Self
10031718,브누와 쟉꼬,감독,339964.0,발레리안: 천 개 행성의 도시,Captain Welcoming Arysum
10031718,브누와 쟉꼬,감독,85927.0,인디아 송,Voix de la Réception (voice)
10031718,브누와 쟉꼬,감독,220991.0,밤의 선박,(voice)
10031718,브누와 쟉꼬,감독,315787.0,Le Théâtre des matières,L'ecrivain
10031718,브누와 쟉꼬,감독,450630.0,Rendez-vous chez Lacan,Self
10031718,브누와 쟉꼬,감독,719482.0,"Catherine Deneuve, belle et bien là",Self (archive footage)
10031718,브누와 쟉꼬,감독,130055.0,Cherchez Hortense,Kévadian
10031718,브누와 쟉꼬,감독,46188.0,Vivement dimanche,Self
10047370,엄혜정,촬영,,멀고도 가까운,
10047370,엄혜정,촬영,,고양이들의 아파트,
10047370,엄혜정,촬영,,가장 보통의 연애,
10047370,엄혜정,촬영,,해빙,
10047370,엄혜정,촬영,,나를 닮은 얼굴,
10047370,엄혜정,촬영,,역전의 명수,
10047370,엄혜정,촬영,,얼굴 없는 미녀,
10047370,엄혜정,촬영,,영어완전정복,
10047370,엄혜정,촬영,,나는 날아가고… 너는 마법에 걸려있으니까,
10047370,엄혜정,촬영,,E.D. 571,
10047370,엄혜정,촬영,,즐거운 우리집,
10047370,엄혜정,촬영,,먼지,
10050923,오태경,배우,,사람과 고기,
10050923,오태경,배우,,2035: 더 그린라이트,
10050923,오태경,배우,,대치동 스캔들,
10050923,오태경,배우,,좋.댓.구,
10050923,오태경,배우,,독친,
10050923,오태경,배우,,찬란한 나의 복수,
10050923,오태경,배우,,"시, 나리오",
10050923,오태경,배우,,"힘을 내요, 미스터 리",
10050923,오태경,배우,,널 기다리며,
10050923,오태경,배우,,조난자들,
10050923,오태경,배우,,마이 웨이,
10050923,오태경,배우,,꿈은 이루어진다,
10050923,오태경,배우,,나쁜 놈이 더 잘 잔다,
10050923,오태경,배우,,인사동 스캔들,
10050923,오태경,배우,,그림자 살인,
10050923,오태경,배우,,해부학 교실,
10050923,오태경,배우,,황진이,
10050923,오태경,배우,,해변의 여인,
10050923,오태경,배우,,각설탕,
10050923,오태경,배우,,음란서생,
10050923,오태경,배우,,알포인트,
10050923,오태경,배우,,해피 에로 크리스마스,
10050923,오태경,배우,,올드보이,
10050923,오태경,배우,,고양이를 부탁해,
10050923,오태경,배우,,화엄경,
10050923,오태경,배우,,라스트 스탠드,
10050923,오태경,배우,,반신반의,
10050923,오태경,배우,,사라오름,
10050923,오태경,배우,,날강도,
10050923,오태경,배우,,다섯 개의 시선,
10054226,손지나,배우,48355.0,꿈은 이루어진다,Female armorer
10054226,손지나,배우,140629.0,터치,Eun-a
10054226,손지나,배우,5252.0,밀애,Eun-yeon
10054226,손지나,배우,1168166.0,괴담만찬,"Resident Representative (segment ""The Residents-Only Gym"")"
10054226,손지나,배우,313782.0,다우더,Jeong-hee
10054226,손지나,배우,285861.0,인 허 플레이스,Woman
10054226,손지나,배우,369443.0,그놈이다,Cha-seon
10054226,손지나,배우,52416.0,어느날 갑자기 세번째 이야기: D-day,housemother
10054226,손지나,배우,435809.0,해빙,Ji-sook
10054226,손지나,배우,51393.0,백야행: 하얀 어둠 속을 걷다,Park Mi-yeon
10054226,손지나,배우,79195.0,연애,Call Girl
10054226,손지나,배우,38002.0,범죄의 재구성,Jo Kyung-ran
10054226,손지나,배우,303126.0,레드카펫,CEO Oh
10054226,손지나,배우,103608.0,사물의 비밀,Sushi restaurant woman
10054226,손지나,배우,68252.0,초능력자,Hyo-sook
10054226,손지나,배우,1373987.0,하우치,Bae Gyeong-hwa
10054226,손지나,배우,158258.0,방과 후 전쟁활동,[Yeon Bo Ra's mother]
10054226,손지나,배우,152471.0,고스트 닥터,Sung Mi-ran
10054226,손지나,배우,227192.0,피라미드 게임,The President
10054226,손지나,배우,81745.0,숨바꼭질,Kim Shil-jang
10054226,손지나,배우,136283.0,더 글로리,Hong Yeong-ae
10054226,손지나,배우,61739.0,아이언맨,Yun Mi Jeong
10054226,손지나,배우,83893.0,KBS 드라마 스페셜,Lady Oh
10054593,윤혜진,배우,,만남의 집,
10054593,윤혜진,배우,,강령: 귀신놀이,
10054593,윤혜진,배우,,기묘한 가족,
10054593,윤혜진,배우,,"소년, 소녀를 만나다",
10054593,윤혜진,배우,,세상에서 가장 아름다운 이별,
10054593,윤혜진,배우,,나는 곤경에 처했다!,
10054593,윤혜진,배우,,마더,
10054593,윤혜진,배우,,"달콤, 살벌한 연인",
10054593,윤혜진,배우,,삼거리 무스탕 소년의 최후,
10054593,윤혜진,배우,,방문자,
10054593,윤혜진,배우,,지랄,
10054593,윤혜진,배우,,광기의 역사,
10054593,윤혜진,배우,,"해부학시간, 짜라파파, 구타유발자, 잠들다",
10054593,윤혜진,배우,,해부학 시간,
10055302,이마리오,감독,,방방과 플라나리아,
10055302,이마리오,감독,,작은정원,
10055302,이마리오,감독,,시간의 주름,
10055302,이마리오,감독,,더 블랙,
10055302,이마리오,감독,,나를 닮은 얼굴,
10055302,이마리오,감독,,바람이 불어오는 곳,
10055302,이마리오,감독,,불타는 필름의 연대기,
10055302,이마리오,감독,,미친 시간,
10055302,이마리오,감독,,주민등록증을 찢어라,
10055302,이마리오,감독,,안녕하십니까 대통령입니다,
10055302,이마리오,감독,,SIDOF2018_안녕하십니까 대통령입니다/주민등록증을 찢어라,
10055863,이상숙,배우,1097014.0,이별없는 아침,Su-ni
10055863,이상숙,배우,292109.0,배반의 장미,여주
10055863,이상숙,배우,208832.0,빨간풍선,Yeo Jeon-hui
10056268,이승준,배우,736462.0,아이돈케어,이승준
10057018,이은정,배우,,사람과 고기,
10057018,이은정,배우,,엽기적인 그녀,
10057018,이은정,배우,,유리,
10057018,이은정,배우,,바리케이트,
10058494,임나무,감독,,사람과 고기,
10058494,임나무,감독,,대도시의 사랑법,
10058494,임나무,감독,,리턴 투 서울,
10058494,임나무,감독,,배니싱: 미제사건,
10058494,임나무,감독,,#아이엠히어,
10058494,임나무,감독,,하루,
10058494,임나무,감독,,"1789, 바스티유의 연인들",
10058494,임나무,감독,,밤과 낮,
10058494,임나무,감독,,원나잇스탠드(Episode 2.),
10058494,임나무,감독,,미드나잇 블루스,
10058494,임나무,감독,,그 남자가 나를 안았다,
10058929,임혜영,감독,,어떤 관계,
10058929,임혜영,감독,,마중: 커피숍 난동 수다 사건,
10058929,임혜영,감독,,남남북녀,
10058929,임혜영,감독,,클럽 버터플라이,
10058929,임혜영,감독,,삼겹살,
10058929,임혜영,감독,,37m/s,
10058929,임혜영,감독,,롤리흘라흘라,
10058929,임혜영,감독,,구독남녀,
10058929,임혜영,감독,,AISFF2016 국내경쟁 2,
10060144,장리우,배우,287647.0,카트,Cashier 14
10060144,장리우,배우,956141.0,유공자,Park Ji-young
10060144,장리우,배우,178832.0,방독피,Miju
10060144,장리우,배우,1172503.0,해야 할 일,Son Kyung-yeon
10060144,장리우,배우,750978.0,제비,Woman staff
10060144,장리우,배우,1137645.0,탄생,Sun-young
10060144,장리우,배우,437108.0,장산범,Ji-hye
10060144,장리우,배우,422576.0,"당신, 거기 있어줄래요",Mother
10060144,장리우,배우,113388.0,코리아,Wang Ming
10060144,장리우,배우,79625.0,"혜화, 동",Nurse
10060144,장리우,배우,326854.0,내 심장을 쏴라,Nurse
10060144,장리우,배우,50458.0,요가학원,Front desk
10060144,장리우,배우,242452.0,변호인,Night Student
10060144,장리우,배우,948677.0,임계밀도,Woman
10060144,장리우,배우,244046.0,10분,Han Young-Mi
10060144,장리우,배우,365069.0,Hide And Seek,Sun-mi
10060144,장리우,배우,1212088.0,더 납작 엎드릴게요,Yoon Jin-hee
10060144,장리우,배우,1292857.0,야식금지클럽,Hye-young
10060144,장리우,배우,597105.0,이장,Hye-yeong
10060144,장리우,배우,642904.0,새들이 돌아오는 시간,Hye-young
10060144,장리우,배우,133139.0,원 나잇 스탠드,Sunglass Woman
10060144,장리우,배우,991919.0,집으로 가는 길,Se-ji
10060144,장리우,배우,956733.0,경아의 딸,의사 [특별출연]
10060144,장리우,배우,154887.0,나의 해방일지,H Card employee
10060277,장세진,배우,21708.0,조폭 마누라 2: 돌아온 전설,Baek Sang-eo
10060277,장세진,배우,21707.0,조폭 마누라,Baek Sang-eo
10060277,장세진,배우,349515.0,남자의 향기,Jang Seung-hwa
10060277,장세진,배우,13311.0,홀리데이,Kim Jang-kyung
10060277,장세진,배우,267228.0,런어웨이,Wolf
10060277,장세진,배우,31184.0,1724 기방난동사건,Flying Fish
10060277,장세진,배우,369542.0,게임의 법칙,Sang-jin
10060277,장세진,배우,349666.0,키드캅,Robber
10060317,장애가,감독,154385.0,성난 사람들,Praise Band Team Member
10061332,전수지,배우,886333.0,너는 결코 서둘지 말라,Ye-ji
10061332,전수지,배우,357995.0,퇴마; 무녀굴,Lee Young-Re
10061332,전수지,배우,933049.0,빨간 선생님,Madame Chae
10061332,전수지,배우,59423.0,말아톤,Se-Yeon
10061332,전수지,배우,626872.0,비상선언,Assistant Oh
10061332,전수지,배우,845222.0,킹덤: 아신전,Ashin's Mother
10061332,전수지,배우,1004606.0,격정 소나타,Yeo-sun
10061332,전수지,배우,919207.0,서울의 봄,Lee Tae-shin's Wife
10061332,전수지,배우,635996.0,원더랜드,Jeong-in's Colleague on the Subway
10061332,전수지,배우,373656.0,사랑해... 말순씨,Female Bank Employee
10061332,전수지,배우,302660.0,"미안해, 고마워",Mom
10061332,전수지,배우,35010.0,슈퍼맨이었던 사나이,Parking Lot Woman (uncredited)
10061332,전수지,배우,91239.0,커플즈,Back-up Bride
10061332,전수지,배우,73092.0,내 사랑 내 곁에,Kim Jong-do's Wife
10061332,전수지,배우,107434.0,러브픽션,art teacher
10061332,전수지,배우,695906.0,서울,작가 역
10061332,전수지,배우,675308.0,호텔 레이크,Choi Yoon-hee
10061332,전수지,배우,719370.0,아유데어,Seon-ju
10061332,전수지,배우,296633.0,제보자,Researcher 1
10061332,전수지,배우,1224993.0,검은 수녀들,Hee-joon's Mother
10061332,전수지,배우,1296404.0,굿뉴스,Passenger
10061332,전수지,배우,64840.0,시그널,Kang Hye-seung
10061332,전수지,배우,233205.0,"세작, 매혹된 자들",Court Lady Han
10061332,전수지,배우,255086.0,정숙한 세일즈,Eom Seo-yeon
10061332,전수지,배우,239005.0,강매강,Hyun-ah
10061332,전수지,배우,208825.0,기생수: 더 그레이,Jeong Su-in's Mother
10061332,전수지,배우,200709.0,약한영웅,Psychiatrist
10061332,전수지,배우,238084.0,트리거,[Situation Room Chief]
10061332,전수지,배우,222233.0,닥터 슬럼프,Lawyer
10061332,전수지,배우,261902.0,마지막 썸머,Kim Ae-jeong
10061575,정경순,배우,508624.0,게이트,Ae-ri
10061575,정경순,배우,727340.0,헌트,Chun Bo-san
10061575,정경순,배우,1001010.0,속초에서의 겨울,The Aunt
10061575,정경순,배우,143195.0,태백산맥,Jook-san
10061575,정경순,배우,462080.0,산상수훈,Seok-jin
10061575,정경순,배우,643769.0,2박 3일,Min-kyu's mother
10061575,정경순,배우,160270.0,정사,Kwan-ho's Mom
10061575,정경순,배우,257395.0,축제,Jang Hye-rim
10061575,정경순,배우,125502.0,세기말,Hee-sook
10061575,정경순,배우,1199.0,개와 늑대의 시간,Oh Seung Joo
10061575,정경순,배우,66433.0,달의 연인 - 보보경심 려,Queen Hwangbo / Queen Shinjeong
10061575,정경순,배우,67856.0,우리집에 사는 남자,Kwon Soon Rye
10061575,정경순,배우,71640.0,"도둑놈, 도둑님",Park Ha-Kyung
10061575,정경순,배우,65728.0,결혼계약,Sim Young-Hee
10061575,정경순,배우,73257.0,병원선,Pyo Go Eun
10061575,정경순,배우,76196.0,천상의 화원 곰배령,Koo Bon-Sook
10061575,정경순,배우,15805.0,뉴하트,Jo Bok-gil
10061575,정경순,배우,79875.0,나도 엄마야,Yoon Ki-Sook
10061575,정경순,배우,221851.0,내 남편과 결혼해줘,Kim Ja-ok
10061575,정경순,배우,83201.0,가족의 탄생,Park Young-Ok
10061575,정경순,배우,90706.0,의사요한,Yoo Joon's mother
10061575,정경순,배우,25649.0,Dangerous Love,Yeong Eun
10061971,정영삼,감독,,개 같은 것들,
10061971,정영삼,감독,,녹차의 중력,
10061971,정영삼,감독,,그물,
10061971,정영삼,감독,,문영,
10061971,정영삼,감독,,메이드 인 차이나,
10061971,정영삼,감독,,코리아,
10061971,정영삼,감독,,여덟 번의 감정,
10061971,정영삼,감독,,님은 먼 곳에,
10061971,정영삼,감독,,그녀는 예뻤다,
10061971,정영삼,감독,,마지막 밥상,
10061971,정영삼,감독,,라디오 스타,
10061971,정영삼,감독,,질투는 나의 힘,
10061971,정영삼,감독,,유아독존,
10061971,정영삼,감독,,챔피언,
10061971,정영삼,감독,,이유없는 반항,
10061971,정영삼,감독,,계약만료,
10061971,정영삼,감독,,"라운더스""세계소년소녀합창단""",
10061971,정영삼,감독,,"이주여성배구단 ""유니버셜스타즈""",
10061971,정영삼,감독,,THE FINALS,
10061971,정영삼,감독,,그대로 멈춰라,
10061971,정영삼,감독,,하프라인,
10061971,정영삼,감독,,가스도시,
10061971,정영삼,감독,,광기의 역사,
10061971,정영삼,감독,,벽,
10061971,정영삼,감독,,인간적으로 정이 안가는 인간,
10061971,정영삼,감독,,푸른 꽃을 찾아 떠나는 프랑켄슈타인,
10061971,정영삼,감독,,사방에 적,
10061971,정영삼,감독,,나만 없어 고양이,
10061971,정영삼,감독,,노맨스랜드,
10066805,조은지,배우,,오늘의 장내,
10066805,조은지,배우,,컨버세이션,
10066805,조은지,배우,,낮과 달,
10066805,조은지,배우,,장르만 로맨스,
10066805,조은지,배우,,카센타,
10066805,조은지,배우,,살인소설,
10066805,조은지,배우,,악녀,
10066805,조은지,배우,,션샤인 러브,
10066805,조은지,배우,,개를 훔치는 완벽한 방법,
10066805,조은지,배우,,표적,
10066805,조은지,배우,,런닝맨,
10066805,조은지,배우,,내가 살인범이다,
10066805,조은지,배우,,후궁 : 제왕의 첩,
10066805,조은지,배우,,쩨쩨한 로맨스,
10066805,조은지,배우,,걸프렌즈,
10066805,조은지,배우,,요가학원,
10066805,조은지,배우,,우리 집에 왜 왔니,
10066805,조은지,배우,,날아라 펭귄,
10066805,조은지,배우,,우리 생애 최고의 순간,
10066805,조은지,배우,,죽어도 해피엔딩,
10066805,조은지,배우,,아내의 애인을 만나다,
10066805,조은지,배우,,"달콤, 살벌한 연인",
10066805,조은지,배우,,미스터 주부퀴즈왕,
10066805,조은지,배우,,그때 그 사람들,
10066805,조은지,배우,,호텔 비너스,
10066805,조은지,배우,,철없는 아내와 파란만장한 남편 그리고 태권소녀,
10066805,조은지,배우,,후아유,
10066805,조은지,배우,,아프리카,
10066805,조은지,배우,,눈물,
10066805,조은지,배우,,꽃놀이 간다,
10066805,조은지,배우,,불쑥,
10066805,조은지,배우,,2박 3일,
10066805,조은지,배우,,"오늘, 우리",
10066805,조은지,배우,,한글자막 화면해설 영화 특별상영회,
10066805,조은지,배우,,황금시대,
10067407,조하나,배우,,블라인드,
10067415,조한선,배우,929682.0,팔로워,송의찬
10067415,조한선,배우,131979.0,늑대의 유혹,Ban Hae-won
10067415,조한선,배우,58959.0,무적자,Jung Tae-min
10067415,조한선,배우,361539.0,함정,Joon-Sik
10067415,조한선,배우,137517.0,달콤한 거짓말,Park Dong-sik
10067415,조한선,배우,52436.0,마이 뉴 파트너,Kang Young-joon
10067415,조한선,배우,70131.0,열혈남아,Chi-gook
10067415,조한선,배우,38983.0,주유소 습격사건 2,High Kick
10067415,조한선,배우,348010.0,따라지: 비열한 거리,Un-cheol
10067415,조한선,배우,10039.0,연리지,Lee Min-su
10067415,조한선,배우,383583.0,멜리스,President Kim
10067415,조한선,배우,497391.0,돌아와요 부산항애(愛),Tae-ju
10067415,조한선,배우,527215.0,데자뷰,Joo Do-Sik
10067415,조한선,배우,359243.0,치외법권,Sang-geun
10067415,조한선,배우,579846.0,질투의 역사,Sun-ki
10067415,조한선,배우,863138.0,나는 여기에 있다,Seon-du
10067415,조한선,배우,64176.0,세 번 결혼하는 여자,Ahn Kwang-mo
10067415,조한선,배우,62806.0,가면,Kim Jung-tae
10067415,조한선,배우,18394.0,4월의 키스,Kang Jae-sup
10067415,조한선,배우,18618.0,패밀리가 떴다,himself
10067415,조한선,배우,66619.0,야심만만,Himself
10067415,조한선,배우,156336.0,좋은 사람,Kang Tae Pyong
10067415,조한선,배우,215072.0,킬러들의 쇼핑몰,Bale
10067415,조한선,배우,86640.0,빙의,Sun Yang-Woo
10067415,조한선,배우,65612.0,"그래, 그런거야",Yoo Se-Hyun
10067415,조한선,배우,83893.0,KBS 드라마 스페셜,Jeong Seok-young
10067415,조한선,배우,104308.0,미쓰리는 알고 있다,In Ho-Cheol
10067415,조한선,배우,292276.0,집 나가면 개호강,선생님
10067417,조한철,배우,1039882.0,로기완,Youn-sung
10067417,조한철,배우,429450.0,판도라,President of Shimwon E&C
10067417,조한철,배우,753091.0,더 문,The Minister
10067417,조한철,배우,50150.0,오프로드,Sang-hun
10067417,조한철,배우,214209.0,숨바꼭질,Jung Nam
10067417,조한철,배우,958543.0,앰뷸런스,군의관
10067417,조한철,배우,133985.0,무서운 이야기,Army Doctor
10067417,조한철,배우,958263.0,독전 2,Jay
10067417,조한철,배우,366612.0,말로는 힘들어,Man
10067417,조한철,배우,41245.0,박하사탕,Colleague 1
10067417,조한철,배우,108823.0,은하해방전선,Critic
10067417,조한철,배우,241885.0,붉은 가족,Loan Shark
10067417,조한철,배우,303187.0,숙희,Professor Yoon
10067417,조한철,배우,236242.0,더 파이브,Seong-il
10067417,조한철,배우,338803.0,간신,Park Won-jong
10067417,조한철,배우,64882.0,김종욱 찾기,Yun-chool
10067417,조한철,배우,293670.0,곡성,Detective
10067417,조한철,배우,1292851.0,아주 먼 곳,Young-ho
10067417,조한철,배우,437078.0,침묵,Jung Seung-gil
10067417,조한철,배우,303189.0,숫호구,Doctor
10067417,조한철,배우,421928.0,럭키,Il-sung
10067417,조한철,배우,99511.0,로맨스 조,Director Lee
10067417,조한철,배우,464036.0,할 수 있는 자가 구하라,Pastor Jo
10067417,조한철,배우,85550.0,극장전,Sang-won's Older Brother
10067417,조한철,배우,437073.0,특별시민,Congressman Kang
10067417,조한철,배우,518068.0,신과함께-인과 연,Prosecutor
10067417,조한철,배우,554137.0,국가부도의 날,Lee Dae-hwan
10067417,조한철,배우,570511.0,"힘을 내요, 미스터 리",Deok-gu
10067417,조한철,배우,571603.0,배심원들,Juror #5 - Choi Yeong-jae
10067417,조한철,배우,586342.0,로망,Jin-su
10067417,조한철,배우,121491.0,연가시,Researcher
10067417,조한철,배우,605193.0,정직한 후보,Nam Yong-seong
10067417,조한철,배우,603314.0,블랙머니,Kim Nam-gyu
10067417,조한철,배우,581387.0,백두산,Colonel
10067417,조한철,배우,593050.0,행복의 나라로,Kang-doo
10067417,조한철,배우,116488.0,내 아내의 모든 것,Divorce Court Representative
10067417,조한철,배우,91239.0,커플즈,Gong Taek-joong
10067417,조한철,배우,276170.0,세상에서 가장 아름다운 이별,Hospital Director
10067417,조한철,배우,50727.0,방자전,Lodge Manager (uncredited)
10067417,조한철,배우,609598.0,내가 죽던 날,Attorney Oh
10067417,조한철,배우,400990.0,무서운 이야기 3: 화성에서 온 소녀,survival Earth Armed Forces
10067417,조한철,배우,705950.0,세자매,Dong-wook
10067417,조한철,배우,622024.0,새해전야,Mr. Yoon
10067417,조한철,배우,662237.0,새콤달콤,Patient
10067417,조한철,배우,724885.0,방법: 재차의,Park Yong-ho
10067417,조한철,배우,1075676.0,"전,란",Lee Deok-hyeong
10067417,조한철,배우,1247002.0,파과,Bullfight's Father
10067417,조한철,배우,993642.0,미지의 세계 시즌투에피원,Seung Gyeol's father
10067417,조한철,배우,117376.0,빈센조,Han Seung-hyuk
10067417,조한철,배우,128883.0,갯마을 차차차,Oh Chae-jun
10067417,조한철,배우,99490.0,한 번 다녀왔습니다,[Loan shark]
10067417,조한철,배우,82475.0,출중한 여자,Cafe employee
10067417,조한철,배우,62928.0,아름다운 나의 신부,Park Joon-beom
10067417,조한철,배우,62644.0,프로듀사,Secretary Kim
10067417,조한철,배우,44094.0,대풍수,Moo-young
10067417,조한철,배우,61543.0,고교처세왕,Kim Chang-soo
10067417,조한철,배우,61670.0,힐러,Yoon Dong-won
10067417,조한철,배우,63053.0,여왕의 꽃,Kim Do-shin
10067417,조한철,배우,63929.0,마을 - 아치아라의 비밀,Choi Hyung-kil
10067417,조한철,배우,65895.0,동네변호사 조들호,Kim Tae-Jung
10067417,조한철,배우,153496.0,재벌집 막내아들,Jin Dong-ki
10067417,조한철,배우,224732.0,우씨왕후,Woo Do
10067417,조한철,배우,68250.0,내일 그대와,Doo-Sik
10067417,조한철,배우,230024.0,혼례대첩,The King
10067417,조한철,배우,59366.0,스캔들: 매우 충격적이고 부도덕한 사건,Shin Kang-ho
10067417,조한철,배우,232766.0,광장,Choi Seong-chul
10067417,조한철,배우,76092.0,마더,Lee Chang-geun
10067417,조한철,배우,152512.0,너에게 가는 속도 493km,Lee Tae-sang
10067417,조한철,배우,92605.0,출출한 여자,General Manager Jo
10067417,조한철,배우,135238.0,경성크리처,Yoon Joong-won
10067417,조한철,배우,156248.0,법대로 사랑하라,Lee Pyeon-woong
10067417,조한철,배우,81821.0,백일의 낭군님,King
10067417,조한철,배우,244329.0,배우반상회,Self
10067417,조한철,배우,85220.0,로맨스는 별책부록,Bong Ji-hong
10067417,조한철,배우,123349.0,안나라수마나라,Yoon Ah-yi's Father
10067417,조한철,배우,85338.0,방구석1열,Self
10067417,조한철,배우,211796.0,스틸러: 일곱 개의 조선통보,Jang Tae-in
10067417,조한철,배우,89927.0,퍼퓸,Kim Tae-Joon
10067417,조한철,배우,215472.0,레이스,Song Sun-Tae
10067417,조한철,배우,241454.0,엄마친구아들,Bae Geun-sik
10067417,조한철,배우,97220.0,아무도 모른다,Yoon Hee-seob
10067417,조한철,배우,70593.0,킹덤,Won-yoo
10067417,조한철,배우,110533.0,지리산,Park Ilhae
10067417,조한철,배우,83893.0,KBS 드라마 스페셜,King
10067417,조한철,배우,230448.0,Mr. 플랑크톤,Ko Jae-geun
10067417,조한철,배우,280016.0,사계의 봄,Cho Sang-heon
10067417,조한철,배우,261842.0,썸남썸녀,Man #1 workaholic
10067417,조한철,배우,228540.0,나영석의 나불나불,Self
10067417,조한철,배우,238084.0,트리거,Captain Joo
10067417,조한철,배우,262237.0,마이 유스,Seon Woo-chan
10071900,천호진,배우,,파과,
10071900,천호진,배우,,간호중,
10071900,천호진,배우,,반드시 잡는다,
10071900,천호진,배우,,루시드 드림,
10071900,천호진,배우,,퇴마: 무녀굴,
10071900,천호진,배우,,간신,
10071900,천호진,배우,,베테랑,
10071900,천호진,배우,,배꼽,
10071900,천호진,배우,,이웃사람,
10071900,천호진,배우,,백프로,
10071900,천호진,배우,,김종욱 찾기,
10071900,천호진,배우,,부당거래,
10071900,천호진,배우,,악마를 보았다,
10071900,천호진,배우,,죽이고 싶은,
10071900,천호진,배우,,불꽃처럼 나비처럼,
10071900,천호진,배우,,GP 506,
10071900,천호진,배우,,좋지 아니한가,
10071900,천호진,배우,,삼거리극장,
10071900,천호진,배우,,비열한 거리,
10071900,천호진,배우,,혈의 누,
10071900,천호진,배우,,주먹이 운다(Crying Fist),
10071900,천호진,배우,,인형사,
10071900,천호진,배우,,범죄의 재구성,
10071900,천호진,배우,,말죽거리 잔혹사,
10071900,천호진,배우,,2009로스트메모리즈,
10071900,천호진,배우,,웨딩드레스,
10071900,천호진,배우,,자유여자,
10071900,천호진,배우,,쫄병수첩,
10071900,천호진,배우,,며느리 밥풀꽃에 대한 보고서,
10071900,천호진,배우,,지금은 양지,
10071900,천호진,배우,,이장호의 외인구단 2,
10071900,천호진,배우,,돌쇠바람,
10071900,천호진,배우,,청(블루스케치),
10072255,최민철,배우,,파과,
10072255,최민철,배우,,만분의 일초,
10072255,최민철,배우,,여타짜,
10072255,최민철,배우,,대외비,
10072255,최민철,배우,,리멤버,
10072255,최민철,배우,,큰엄마의 미친봉고,
10072255,최민철,배우,,강철비2: 정상회담,
10072255,최민철,배우,,첫잔처럼,
10072255,최민철,배우,,수상한 이웃,
10072255,최민철,배우,,악인전,
10072255,최민철,배우,,사도,
10072255,최민철,배우,,집으로 가는 길,
10072255,최민철,배우,,퍼펙트 게임,
10072255,최민철,배우,,화이트: 저주의 멜로디,
10072255,최민철,배우,,고고 70,
10072255,최민철,배우,,하류인생,
10072560,최낙권,감독,,1026: 새로운 세상을 위한,
10072560,최낙권,감독,,아들에게 가는 길,
10072560,최낙권,감독,,붉은 바캉스 검은 웨딩 2,
10072560,최낙권,감독,,낭만파 남편의 편지,
10072560,최낙권,감독,,저녁의 게임,
10072560,최낙권,감독,,꽃을 든 남자,
10072813,최창환,감독,,수학영재 형주,
10072813,최창환,감독,,우연한 여행자,
10072813,최창환,감독,,여섯 개의 밤,
10072813,최창환,감독,,"식물카페, 온정",
10072813,최창환,감독,,숨어드는 산,
10072813,최창환,감독,,파도를 걷는 소년,
10072813,최창환,감독,,킬러스웰: 아워 스페이스,
10072813,최창환,감독,,내가 사는 세상,
10072813,최창환,감독,,영화루,
10072813,최창환,감독,,김녕회관,
10072813,최창환,감독,,그림자도 없다,
10072813,최창환,감독,,호명인생,
10072813,최창환,감독,,이만원,
10072813,최창환,감독,,잠긴달을건져라,
10072813,최창환,감독,,누가 이름을 함부로 짓는가?,
10072813,최창환,감독,,최창환 감독 단편전,
10081425,트린 디어홈,배우,309.0,셀레브레이션,Pia
10081425,트린 디어홈,배우,21973.0,Springflod,Pauline
10081425,트린 디어홈,배우,33283.0,Den store dag,Signe
10081425,트린 디어홈,배우,33279.0,Dansen,Annika
10081425,트린 디어홈,배우,33294.0,Forbrydelser,Kate
10081425,트린 디어홈,배우,897155.0,어 메터 오브 트러스트,Eva
10081425,트린 디어홈,배우,40002.0,Okay,Trisse
10081425,트린 디어홈,배우,40640.0,Bungalow,Lene
10081425,트린 디어홈,배우,35297.0,Daisy Diamond,Eva
10081425,트린 디어홈,배우,787791.0,The Almond and the Seahorse,Gwen
10081425,트린 디어홈,배우,16009.0,Offscreen,Herself
10081425,트린 디어홈,배우,16031.0,Lille soldat,Lotte
10081425,트린 디어홈,배우,44716.0,인 어 베러 월드,Marianne
10081425,트린 디어홈,배우,16095.0,DeUsynlige,Agnes
10081425,트린 디어홈,배우,15838.0,춤추는 꿈틀이 밴드,Gloria (voice)
10081425,트린 디어홈,배우,15845.0,En soap,Charlotte
10081425,트린 디어홈,배우,49302.0,De største helte,Pernille
10081425,트린 디어홈,배우,57272.0,Fluerne på væggen,My Larsen
10081425,트린 디어홈,배우,98444.0,Værelse 304,Helene
10081425,트린 디어홈,배우,126250.0,"다시, 뜨겁게 사랑하라!",Ida
10081425,트린 디어홈,배우,155761.0,Tvilling,Julie
10081425,트린 디어홈,배우,166666.0,3096일,Brigitta Sirny
10081425,트린 디어홈,배우,171568.0,P.O.V.,Kamilla
10081425,트린 디어홈,배우,173644.0,Casanova,Gurli
10081425,트린 디어홈,배우,173603.0,히든 스나이퍼,Mia Moesgaard
10081425,트린 디어홈,배우,173768.0,Afgrunden,Siv
10081425,트린 디어홈,배우,983521.0,Poison,Edith
10081425,트린 디어홈,배우,983524.0,Birthday Girl,Nanna
10081425,트린 디어홈,배우,254196.0,사랑하는 누군가,Molly Moe
10081425,트린 디어홈,배우,284427.0,후 엠 아이,Hanne Lindberg
10081425,트린 디어홈,배우,308409.0,사랑의 시대,Anna
10081425,트린 디어홈,배우,1232827.0,바늘을 든 소녀,Dagmar
10081425,트린 디어홈,배우,330876.0,Inspektor Barbarotti - Verachtung,Eva Backman
10081425,트린 디어홈,배우,21275.0,Der var engang en dreng - som fik en lillesøster med vinger,Pancake Lady
10081425,트린 디어홈,배우,335573.0,Lang historie kort,Anette
10081425,트린 디어홈,배우,1239478.0,Begyndelser,Ane
10081425,트린 디어홈,배우,250230.0,The Cut,Orphanage Headmistress
10081425,트린 디어홈,배우,456619.0,"Kys, kærlighed og kroner",Katja
10081425,트린 디어홈,배우,448172.0,Du forsvinder,Mia Halling
10081425,트린 디어홈,배우,473262.0,"Nico, 1988",Christa Päffgen a.k.a Nico
10081425,트린 디어홈,배우,484428.0,비커밍 아스트리드,Marie
10081425,트린 디어홈,배우,485358.0,인류종말 - 그 후,The Gardener
10081425,트린 디어홈,배우,489847.0,X&Y,Trine
10081425,트린 디어홈,배우,519464.0,싸이코시아,Dr. Klein
10081425,트린 디어홈,배우,519465.0,퀸 오브 하츠,Anne
10081425,트린 디어홈,배우,523565.0,Ditte & Louise,Trine Dyrholm
10081425,트린 디어홈,배우,659993.0,Erna i krig,Erna Jensen
10081425,트린 디어홈,배우,708571.0,Indien,April
10081425,트린 디어홈,배우,718267.0,Skyernes skygge rammer mig,Lis
10081425,트린 디어홈,배우,752908.0,Idioterne der startede Festen,Herself
10081425,트린 디어홈,배우,795365.0,Cecilia,Cecilia
10081425,트린 디어홈,배우,659370.0,Margrete den første,Margrete
10081425,트린 디어홈,배우,1395177.0,Det andet offer,Camilla
10081425,트린 디어홈,배우,1317159.0,Vejen hjem,Anne
10081425,트린 디어홈,배우,88273.0,로얄 어페어,Juliane Marie
10081425,트린 디어홈,배우,250.0,I Kina spiser de hunde,Hanne
10081425,트린 디어홈,배우,51823.0,Arvingerne,Gro
10081425,트린 디어홈,배우,87777.0,Brecht,Ruth Berlau
10081425,트린 디어홈,배우,212462.0,메리 앤 조지,Queen Anne
10081425,트린 디어홈,배우,92999.0,Die Neue Zeit,Stine Branderup
10081425,트린 디어홈,배우,217606.0,Rematch,Klara Kasparova
10081425,트린 디어홈,배우,1633.0,Langt fra Las Vegas,Birla
10081425,트린 디어홈,배우,74078.0,Madsen & Co.,Mette
10081425,트린 디어홈,배우,51261.0,Taxa,Stine Jensen
10081425,트린 디어홈,배우,94597.0,Forhøret,Susanne Egholm
10081425,트린 디어홈,배우,120339.0,Meyerheim & stjernerne,Sig selv
10081425,트린 디어홈,배우,248941.0,Danske tv-seriers bedste,Sig selv
10081425,트린 디어홈,배우,20568.0,Dansk Melodi Grand Prix,Trine Dyrholm & Moonlighters
10081425,트린 디어홈,배우,53670.0,Trolderi,Huldra (stemme)
10081425,트린 디어홈,배우,287740.0,The Danish Woman,Ditte Jensen / The Danish Woman
10084592,마그너스 본 혼,감독,302065.0,Kebab & Horoscope,Priest
10084592,마그너스 본 혼,감독,1232827.0,바늘을 든 소녀,Frida's Husband
10086324,필감성,감독,,좀비딸,
10086324,필감성,감독,,티빙 오리지널 운수 오진 날,
10086324,필감성,감독,,운수 오진 날,
10086324,필감성,감독,,인질,
10086324,필감성,감독,,말죽거리 잔혹사,
10086324,필감성,감독,,"결혼은, 미친짓이다",
10086324,필감성,감독,,무사,
10086324,필감성,감독,,어떤 약속,
10086426,필립 느와레,배우,127002.0,Veillées d'armes,Self
10086426,필립 느와레,배우,10260.0,마이 뉴 파트너,René Boirond
10086426,필립 느와레,배우,2370.0,토파즈,Henri Jarre
10086426,필립 느와레,배우,3480.0,추상,Julien Dandieu
10086426,필립 느와레,배우,10102.0,그랑 뷔페,Philippe
10086426,필립 느와레,배우,2536.0,Adolphe ou l'âge tendre,Pourtalain
10086426,필립 느와레,배우,2546.0,지하철의 소녀,Oncle Gabriel
10086426,필립 느와레,배우,10732.0,La Fille de d'Artagnan,D'Artagnan
10086426,필립 느와레,배우,4073.0,Les Gaspards,Gaspard de Montfermeil
10086426,필립 느와레,배우,4194.0,La Vie de château,Jérôme
10086426,필립 느와레,배우,4274.0,사강의 요새,Dubreuilh
10086426,필립 느와레,배우,4287.0,Les Aveux les plus doux,Inspecteur Muller
10086426,필립 느와레,배우,4682.0,La Barricade du Point-du-Jour,Eugène Pottier
10086426,필립 느와레,배우,4732.0,프라카스 장군,Hérode
10086426,필립 느와레,배우,4458.0,Ballade pour un voyou,L'inspecteur Mathieu
10086426,필립 느와레,배우,11010.0,일 포스티노,Pablo Neruda
10086426,필립 느와레,배우,20914.0,마이 프렌즈,Il Perozzi
10086426,필립 느와레,배우,4947.0,Une femme à sa fenêtre,Raoul Malfosse
10086426,필립 느와레,배우,11216.0,시네마 천국,Alfredo
10086426,필립 느와레,배우,5901.0,달갑지 않은 손님,Thomas Berthelot
10086426,필립 느와레,배우,22240.0,마이 뉴 파트너 2,René Boirond
10086426,필립 느와레,배우,22505.0,"Le Chien, le général et les oiseaux",Récitant / Narrator (voice)
10086426,필립 느와레,배우,24160.0,Amici miei - Atto II°,Giorgio Perozzi
10086426,필립 느와레,배우,22623.0,마이 뉴 파트너 3,René Boirond
10086426,필립 느와레,배우,8425.0,L'Horloger de Saint-Paul,Michel Descombes
10086426,필립 느와레,배우,33337.0,귀여운 여형사,Antoine Lemercier
10086426,필립 느와레,배우,33361.0,Monsieur,"Edmond Bernadac, Industrialist"
10086426,필립 느와레,배우,27146.0,Mr. Freedom,Moujik Man
10086426,필립 느와레,배우,35068.0,머피의 전쟁,Brezan
10086426,필립 느와레,배우,35797.0,Coup de torchon,Lucien Cordier
10086426,필립 느와레,배우,42150.0,삼형제,Raffaele Giuranna
10086426,필립 느와레,배우,42216.0,Who Is Killing the Great Chefs of Europe?,Jean-Claude Moulineau
10086426,필립 느와레,배우,41930.0,Uranus,Watrin
10086426,필립 느와레,배우,41936.0,La Vie et rien d'autre,Commander Delaplane
10086426,필립 느와레,배우,41946.0,리턴 오브 더 머스커티어스,Cardinal Mazarin
10086426,필립 느와레,배우,42008.0,La famiglia,Jean-Luc
10086426,필립 느와레,배우,42609.0,Justine,Pombal
10086426,필립 느와레,배우,183964.0,Facciamo paradiso,Padre di Claudia
10086426,필립 느와레,배우,14670.0,라운드 미드나잇,Redon
10086426,필립 느와레,배우,42700.0,바르샤바의 밤,Inspector Morand
10086426,필립 느와레,배우,14734.0,Edy,Louis
10086426,필립 느와레,배우,61041.0,우먼 타임스 세븐,Victor
10086426,필립 느와레,배우,60760.0,Masques,Christian Legagneur
10086426,필립 느와레,배우,61243.0,On a volé la cuisse de Jupiter,Antoine Lemercier
10086426,필립 느와레,배우,38080.0,판사와 살인범,Juge Rousseau
10086426,필립 느와레,배우,44607.0,Le Serpent,Lucien Berthon
10086426,필립 느와레,배우,64220.0,동전 놀이,Inspecteur Louis Baroni
10086426,필립 느와레,배우,64557.0,플레잉 위드 파이어,Georges de Saxe
10086426,필립 느와레,배우,64567.0,죽도록 피곤한,Philippe Noiret
10086426,필립 느와레,배우,65974.0,La Mandarine,Georges Lapierre
10086426,필립 느와레,배우,47496.0,Les Grands Ducs,Victor Vialat
10086426,필립 느와레,배우,66907.0,Souvenirs souvenirs,Le proviseur
10086426,필립 느와레,배우,66953.0,"Qui êtes-vous, Polly Maggoo ?","Jean-Jacques Georges, le journaliste"
10086426,필립 느와레,배우,66447.0,Tango,L'Elégant
10086426,필립 느와레,배우,48203.0,타타르인의 사막,General
10086426,필립 느와레,배우,47718.0,J'embrasse pas,Romain
10086426,필립 느와레,배우,65723.0,L'une et l'autre,André
10086426,필립 느와레,배우,49116.0,망각에 저항하기,Self
10086426,필립 느와레,배우,18628.0,Alexandre le bienheureux,Alexandre Gartempe
10086426,필립 느와레,배우,68382.0,Amours célèbres,Louis XIV
10086426,필립 느와레,배우,49565.0,나무를 심은 사람,Narrator (voice)
10086426,필립 느와레,배우,68970.0,Les Côtelettes,Léonce
10086426,필립 느와레,배우,50796.0,혁명가의 연인,Savinien de Kerfadec
10086426,필립 느와레,배우,81122.0,Twist again à Moscou,Igor Tataïev
10086426,필립 느와레,배우,81198.0,Le Témoin,Robert Maurisson
10086426,필립 느와레,배우,50214.0,Fantôme avec chauffeur,Philippe Bruneau-Teissier
10086426,필립 느와레,배우,80476.0,Thérèse Desqueyroux,Bernard Desqueyroux
10086426,필립 느와레,배우,51870.0,아버지와 아들,Léo
10086426,필립 느와레,배우,71586.0,7일간의 외출,Michel Descombes
10086426,필립 느와레,배우,69526.0,The Assassination Bureau,Monsieur Lucoville
10086426,필립 느와레,배우,81045.0,Les Palmes de M. Schutz,Professor Rodolphe Schutz
10086426,필립 느와레,배우,71055.0,L'africain,Victor
10086426,필립 느와레,배우,83343.0,Touche pas à la femme blanche,Gen. Terry
10086426,필립 느와레,배우,54436.0,라 푸앵트 쿠르트로의 여행,Him
10086426,필립 느와레,배우,72894.0,Il comune senso del pudore,Giuseppe Costanzo
10086426,필립 느와레,배우,76482.0,축제는 시작된다,Philip of Orléans
10086426,필립 느와레,배우,76792.0,Les Copains,Bénin
10086426,필립 느와레,배우,58011.0,Speriamo che sia femmina,Leonardo
10086426,필립 느와레,배우,78312.0,세상의 모든 황금,Victor Hardy
10086426,필립 느와레,배우,77700.0,L'Étoile du Nord,Edouard Binet
10086426,필립 느와레,배우,77701.0,맥스,Robert 'Max' Maxendre
10086426,필립 느와레,배우,377792.0,Agence Matrimoniale,A passerby (uncredited)
10086426,필립 느와레,배우,78805.0,Le Pique-nique de Lulu Kreutz,Joseph Steg
10086426,필립 느와레,배우,79260.0,Un Honnête commerçant,Louis Chevalier
10086426,필립 느와레,배우,79314.0,Cyrano de Bergerac,Lignère
10086426,필립 느와레,배우,79877.0,Tendre voyou,Bibi Dumonceaux
10086426,필립 느와레,배우,88309.0,Un taxi mauve,Philippe Marchal
10086426,필립 느와레,배우,105576.0,디 올드 메이드,Gabriel Marcassus
10086426,필립 느와레,배우,140390.0,Le Voyage du père,Disgruntled traveler
10086426,필립 느와레,배우,107099.0,Le massaggiatrici,Bellini
10086426,필립 느와레,배우,768536.0,"Jean Rochefort, l'irrésistible",Self (archive footage)
10086426,필립 느와레,배우,140068.0,Il faut tuer Birgitt Haas,Athanase
10086426,필립 느와레,배우,123930.0,La domenica specialmente,Amleto
10086426,필립 느와레,배우,110312.0,Marianna Ucrìa,Duke Signoretto
10086426,필립 느와레,배우,152635.0,L'Attentat,Pierre Garcin
10086426,필립 느와레,배우,145083.0,Zuppa di pesce,Alberto
10086426,필립 느와레,배우,155497.0,Un nuage entre les dents,Malisard
10086426,필립 느와레,배우,114863.0,Le Grand Carnaval,Étienne Labrouche
10086426,필립 느와레,배우,155824.0,Clérambard,Count Hector de Clérambard
10086426,필립 느와레,배우,138642.0,Cyrano et D'Artagnan,King Louis XIII
10086426,필립 느와레,배우,180965.0,Les Milles,Le Général
10086426,필립 느와레,배우,162808.0,금테 안경,Dr. Athos Fadigati
10086426,필립 느와레,배우,200066.0,Il frullo del passero,Gabriele Battistini
10086426,필립 느와레,배우,191306.0,Rossini! Rossini!,Gioacchino Rossini
10086426,필립 느와레,배우,203648.0,Les Sultans,Michou
10086426,필립 느와레,배우,197485.0,L'Ami de Vincent,Albert Palm
10086426,필립 느와레,배우,221586.0,Frenesia dell'estate,Jean
10086426,필립 느와레,배우,212125.0,Soleil,Joseph Lévy
10086426,필립 느와레,배우,230823.0,Noyade interdite,Inspector Molinat
10086426,필립 느와레,배우,212738.0,Příliš hlučná samota,Haňťa
10086426,필립 느와레,배우,1074307.0,L'école est finie,Narrateur (voix)
10086426,필립 느와레,배우,253743.0,Qualcosa di biondo,André
10086426,필립 느와레,배우,981635.0,La Fin de la nuit,Bernard Desqueyroux
10086426,필립 느와레,배우,229962.0,토스카니니,Dom Pedro II.
10086426,필립 느와레,배우,256653.0,Le crime ne paie pas,Monseigneur Hughes
10086426,필립 느와레,배우,1000349.0,Le Veilleur de nuit,Monsieur
10086426,필립 느와레,배우,329531.0,L'Été prochain,Edouard
10086426,필립 느와레,배우,343713.0,Balthus de l'autre côté du miroir,Récitant / Narrator
10086426,필립 느와레,배우,356858.0,Les Caprices de Marie,Gabriel
10086426,필립 느와레,배우,358193.0,Rue du Pied de Grue,Le père
10086426,필립 느와레,배우,564578.0,Siamo tutti in libertà provvisoria,Judge Francesco Langellone
10086426,필립 느와레,배우,64675.0,Les Rois du gag,In person at the César Awards ceremony (uncredited)
10086426,필립 느와레,배우,406168.0,A Time for Loving,Marcel
10086426,필립 느와레,배우,1316253.0,Le Paris de Zazie,Self (Archive Footage)
10086426,필립 느와레,배우,38879.0,아녜스 바르다의 해변,Self (archive footage)
10086426,필립 느와레,배우,442260.0,Clémentine chérie,Edgar Hoover
10086426,필립 느와레,배우,272864.0,La Porteuse de pain,Jacques Garraud
10086426,필립 느와레,배우,73954.0,Dimenticare Palermo,Gianni Mucci
10086426,필립 느와레,배우,476493.0,Le trèfle à cinq feuilles,Alfred
10086426,필립 느와레,배우,486309.0,Le Rendez-vous,Inspector Maillard
10086426,필립 느와레,배우,497052.0,Monsieur Albert,Albert
10086426,필립 느와레,배우,527779.0,Due pezzi di pane,Peppe Dorè
10086426,필립 느와레,배우,533880.0,La Femme secrète,"Pierre Franchin, the painter"
10086426,필립 느와레,배우,571993.0,Les Œuvres de Frédéric Back,Narrateur
10086426,필립 느와레,배우,40815.0,Le Bossu,Duke Philippe d'Orléans
10086426,필립 느와레,배우,533435.0,Ravissante,Maurice
10086426,필립 느와레,배우,534059.0,Le Roi de Paris,Victor Derval
10086426,필립 느와레,배우,562864.0,Les Amoureux du France,Récitant / Narrator (voice)
10086426,필립 느와레,배우,534105.0,Nous deux,Toussaint
10086426,필립 느와레,배우,533868.0,제4의 권력,Yves Dorget
10086426,필립 느와레,배우,257862.0,올리비아,Béatrice's Lover (uncredited)
10086426,필립 느와레,배우,720964.0,Comiques de toujours (Vol. 1 à 4),Self (archive footage)
10086426,필립 느와레,배우,476446.0,L'Extravagant Monsieur Piccoli,Self - Actor (archive footage)
10086426,필립 느와레,배우,24278.0,3 Amis,"Serano, le concessionnaire Mercedes-Benz"
10086426,필립 느와레,배우,71006.0,Lady L,Ambroise Gérôme
10086426,필립 느와레,배우,123723.0,지지,Bit Part (uncredited)
10086426,필립 느와레,배우,533906.0,Faux et usage de faux,Anatole Hirsch
10086426,필립 느와레,배우,782531.0,A Bear and a Mouse in Paradise,Self
10086426,필립 느와레,배우,383792.0,"Marcello, una vita dolce",Self
10086426,필립 느와레,배우,533456.0,"Mort, où est ta victoire ?",Brassy
10086426,필립 느와레,배우,477695.0,"Hitler, la folie d'un homme",Narrator (voice)
10086426,필립 느와레,배우,1359804.0,Un jour dans la vie du cinéma français,Self
10086426,필립 느와레,배우,779749.0,"Rochefort, Marielle, Noiret: Les copains d'abord",Self (archive footage)
10086426,필립 느와레,배우,390796.0,Marco Ferreri - Il regista che venne dal futuro,Self
10086426,필립 느와레,배우,1440346.0,Macbeth,Macduff
10086426,필립 느와레,배우,1461334.0,Le Mal court,Parfait XVIII
10086426,필립 느와레,배우,1464797.0,De fil en aiguille,M. Van Dam
10086426,필립 느와레,배우,977149.0,Avant minuit,Self (archive footage)
10086426,필립 느와레,배우,1393862.0,Flore et Blancheflore,King Félix
10086426,필립 느와레,배우,132149.0,Nulle part ailleurs,Self
10086426,필립 느와레,배우,244224.0,Spécial cinéma,Self
10086426,필립 느와레,배우,112766.0,Midi trente,Self
10086426,필립 느와레,배우,136450.0,Les Rendez-vous du dimanche,Self
10086426,필립 느와레,배우,110159.0,Discorama,Self - Host
10086426,필립 느와레,배우,95226.0,Champs-Elysées,Self
10086426,필립 느와레,배우,217154.0,Il était une fois Champs-Élysées,Self (archive footage)
10086426,필립 느와레,배우,30243.0,Apostrophes,Self
10086426,필립 느와레,배우,46188.0,Vivement dimanche,Self
10086426,필립 느와레,배우,110974.0,Stars 90,Self
10086426,필립 느와레,배우,24276.0,30 millions d'amis,Self
10086426,필립 느와레,배우,111115.0,Sacrée Soirée,Self
10087889,할리나 레인,배우,2253.0,작전명 발키리,Margarethe Van Oven
10087889,할리나 레인,배우,72728.0,Sterke Verhalen,Hostess
10087889,할리나 레인,배우,24245.0,De passievrucht,Ellen
10087889,할리나 레인,배우,9075.0,블랙북,Ronnie
10087889,할리나 레인,배우,60784.0,Win/Win,Deniz
10087889,할리나 레인,배우,62339.0,De Eetclub,Hanneke Lemstra
10087889,할리나 레인,배우,45745.0,신텔,Sintel (voice)
10087889,할리나 레인,배우,50387.0,Grimm,Marie
10087889,할리나 레인,배우,51432.0,Flicka,Flicka
10087889,할리나 레인,배우,83278.0,Isabelle,Isabelle
10087889,할리나 레인,배우,111155.0,De Overloper,Hannie de Groot
10087889,할리나 레인,배우,185261.0,îles flottantes,Isa
10087889,할리나 레인,배우,204732.0,Nadine,Nadine
10087889,할리나 레인,배우,69530.0,문라이트,crazy woman in car
10087889,할리나 레인,배우,68444.0,블라인드,Marie Tinne
10087889,할리나 레인,배우,282913.0,Suzy Q,Prostitue
10087889,할리나 레인,배우,293974.0,Pak van mijn Hart,Karin
10087889,할리나 레인,배우,306473.0,Het wonder van Máxima,Hostess Patty
10087889,할리나 레인,배우,306466.0,Boy Ecury,Ewoud's vriendin
10087889,할리나 레인,배우,297239.0,보이 7,Marit
10087889,할리나 레인,배우,355651.0,De leerling,Lana
10087889,할리나 레인,배우,228322.0,Over Canto,Herself
10087889,할리나 레인,배우,420590.0,De Zevende Hemel,Eva
10087889,할리나 레인,배우,57768.0,Ik omhels je met duizend armen,Lureen
10087889,할리나 레인,배우,444453.0,National Theatre Live: Obsession,Hanna
10087889,할리나 레인,배우,285025.0,투어 드 포스 : 기적의 여정,Kassiererin
10087889,할리나 레인,배우,482327.0,Oude liefde,Tess
10087889,할리나 레인,배우,223551.0,Feuten: Het Feestje,Femke
10087889,할리나 레인,배우,323434.0,Polleke,Tina
10087889,할리나 레인,배우,682478.0,De Prins en het Meisje,Mabel Wisse Smit
10087889,할리나 레인,배우,16539.0,Zus & zo,Bo Mendes
10087889,할리나 레인,배우,139820.0,골트지우스 앤 더 펠리칸 컴퍼니,Portia
10087889,할리나 레인,배우,54631.0,Villa Des Roses,Natsje
10087889,할리나 레인,배우,1364856.0,For the Birds,Self
10087889,할리나 레인,배우,29082.0,De Wereld Draait Door,Self
10087889,할리나 레인,배우,63261.0,Bagels & Bubbels: zij hoort bij mij,Vanessa Kremer
10087889,할리나 레인,배우,48897.0,Van God Los,Nadia
10087889,할리나 레인,배우,81343.0,Intensive Care,Michelle
10087889,할리나 레인,배우,27969.0,Unit 13,Anne-Marie Ruyter
10087889,할리나 레인,배우,82155.0,Ingen utan skuld,Maggie Van Haal
10087889,할리나 레인,배우,85508.0,Judas,Self - Tafeldame (archive footage)
10087889,할리나 레인,배우,114641.0,Red Light,Esther Vinkel
10087889,할리나 레인,배우,279441.0,Variety Studio: Directors on Directors,Self
10087889,할리나 레인,배우,2224.0,The Daily Show,Self
10088882,헬렌 리,감독,1759.0,코스비 가족 만세,Worker
10089485,홍범기,배우,666805.0,극장판 반지의 비밀일기,왕뺀돌
10089485,홍범기,배우,1236788.0,브레드이발소: 셀럽 인 베이커리타운,Potato Chip (voice)
10089485,홍범기,배우,347772.0,버프,Farmer
10089485,홍범기,배우,382766.0,뽀로로 극장판 컴퓨터 왕국 대모험,Spider King (voice)
10089485,홍범기,배우,1275096.0,사랑의 하츄핑,Dr. Monziu / General Teenieping (voice)
10089485,홍범기,배우,536000.0,극장판 헬로카봇: 백악기 시대,S라인
10089485,홍범기,배우,586845.0,솔로탈출귀,Jeong-hoon
10089485,홍범기,배우,622772.0,극장판 뛰뛰빵빵 구조대 미션: 둥둥이를 구하라!,Kiri (voice)
10089485,홍범기,배우,89623.0,마당을 나온 암탉,Bat / Kanjugi (voice)
10089485,홍범기,배우,1521915.0,브레드이발소: 베이커리타운의 악당들,Potato Chip (voice)
10089485,홍범기,배우,1317902.0,브레드이발소: 빵스타의 탄생,Potato Chip (voice)
10089485,홍범기,배우,1402913.0,나쁜계집애: 달려라 하니,Mr. Hong (voice)
10089485,홍범기,배우,609382.0,별의 정원,Bami / Shadow / Nyx (voice)
10089485,홍범기,배우,146203.0,띠띠뽀 탐구생활,디젤
10089485,홍범기,배우,129832.0,브레드 이발소,Popcorn
10089485,홍범기,배우,111358.0,뿌까,아뵤 (목소리)
10089485,홍범기,배우,80281.0,라바,"옐로우, 레드, 척, 그 외 인물들 (Voice)"
10089485,홍범기,배우,233547.0,다이노스터: 공룡수호대,Oz (voice)
10089509,홍석연,배우,1089160.0,안녕? 허대짜수짜님!,Park Young-jo
10089509,홍석연,배우,42324.0,조폭 마누라 3,President Roh
10089509,홍석연,배우,49093.0,사랑,Hwang
10089509,홍석연,배우,1137652.0,님과 함께 디스코,Jung-sik
10089509,홍석연,배우,313108.0,국제시장,Deok-soo's Uncle
10089509,홍석연,배우,253065.0,수상한 그녀,Pharmacist
10089509,홍석연,배우,56606.0,정승필 실종사건,Mr. Jang
10089509,홍석연,배우,19635.0,친구,Security Guard
10089509,홍석연,배우,1216270.0,제시는 그때 스무살이었다,Mr. Gong
10089509,홍석연,배우,303191.0,거짓말 2014,Min-gi
10089509,홍석연,배우,444143.0,특이점이 온 영화,Uncle (Ep. 3: Unique Family)
10089509,홍석연,배우,416342.0,천사의 숨소리,Worker on the bridge
10089509,홍석연,배우,56581.0,7월 32일,Kap-soo
10089509,홍석연,배우,217437.0,경마장 가는 길,R's Brother-in-Law
10089509,홍석연,배우,200482.0,하얀전쟁,Jang Ha-sa
10089509,홍석연,배우,237918.0,파업전야,Jae-pil
10089509,홍석연,배우,295010.0,마이 캡틴 김대출,Choenmachong Manager
10089509,홍석연,배우,65335.0,꽃잎,Worker
10089509,홍석연,배우,206173.0,경축! 우리사랑,Mr. Kim
10089509,홍석연,배우,27516.0,극락도 살인사건,Captain
10089509,홍석연,배우,81481.0,도가니,School Custodian
10089509,홍석연,배우,112283.0,너는 내 운명,Elderly Man 1
10089509,홍석연,배우,1138586.0,함진아비,Pasotr
10089509,홍석연,배우,119769.0,모범택시,Patient Park Deuk-gu
10089509,홍석연,배우,134465.0,크레이지 러브,[Patient's father]
10089509,홍석연,배우,117376.0,빈센조,[Cheol Wook's uncle]
10089509,홍석연,배우,68398.0,낭만닥터 김사부,[Violent drunk man]
10089509,홍석연,배우,136369.0,내일,[Opium den owner]
10089509,홍석연,배우,154891.0,우리는 오늘부터,Dr. Jang
10089509,홍석연,배우,93405.0,오징어 게임,Amusement Park security Guard
20100597,박현영,배우,297743.0,한여름의 판타지아,Hye-jeong's Friend
20100671,김홍익,감독,,안동,
20100671,김홍익,감독,,스위트홈,
20100671,김홍익,감독,,스위트홈 3,
20100671,김홍익,감독,,스위트홈 감독판,
20100671,김홍익,감독,,불멸의 여신,
20100671,김홍익,감독,,CCTV,
20100671,김홍익,감독,,히어로,
20110633,박선주,배우,,만남의 집,
20110633,박선주,배우,,세자매,
20110633,박선주,배우,,犬견 : 버려진 아이들,
20110633,박선주,배우,,얼굴없는 보스: 못다한 이야기 감독판,
20110633,박선주,배우,,얼굴없는 보스,
20110633,박선주,배우,,자전차왕 엄복동,
20110633,박선주,배우,,군함도,
20110633,박선주,배우,,커튼콜,
20110633,박선주,배우,,난폭한 기록,
20110633,박선주,배우,,피끓는 청춘,
20110633,박선주,배우,,남극일기,
20110633,박선주,배우,,타악기의 계절,
20110633,박선주,배우,,엽서,
20110827,배선희,배우,264692.0,자유부인,Miss Yoon
20110935,박철민,배우,1144162.0,엄마없는 하늘아래,Chief Choi
20110935,박철민,배우,1216270.0,제시는 그때 스무살이었다,Police Chief
20111090,이병수,감독,,스토커,
20111090,이병수,감독,,종이꽃,
20111090,이병수,감독,,사노라면,
20111090,이병수,감독,,젊은 날의 초상화,
20111717,전노민,배우,1036136.0,K스쿨,Tedy
20111894,김성오,배우,849869.0,길복순,Shin
20111894,김성오,배우,1129923.0,히트맨 2,Pierre Jean
20111894,김성오,배우,265851.0,우는 남자,112 police voice
20111894,김성오,배우,629322.0,니 부모 얼굴이 보고 싶다,(uncredited)
20111894,김성오,배우,309054.0,사랑을 놓치다,Seong Oh
20111894,김성오,배우,370984.0,열정같은소리하고있네,Chief Doctor Ma
20111894,김성오,배우,919207.0,서울의 봄,Kim Chang-se
20111894,김성오,배우,227336.0,깡철이,Hwi-gon
20111894,김성오,배우,51608.0,아저씨,Jong-seok
20111894,김성오,배우,563103.0,도어락,Detective Lee
20111894,김성오,배우,390433.0,널 기다리며,Ki-bum
20111894,김성오,배우,329321.0,살인캠프,Instructor
20111894,김성오,배우,554972.0,성난황소,Ki-tae
20111894,김성오,배우,297292.0,패션왕,Nam-jung
20111894,김성오,배우,154030.0,타워,In-geon
20111894,김성오,배우,146724.0,반창꼬,Yong-soo
20111894,김성오,배우,451997.0,불한당: 나쁜 놈들의 세상,Seung-pil
20111894,김성오,배우,171587.0,나의 PS 파트너,Seok-woon
20111894,김성오,배우,575718.0,해치지않아,Kim Geon-wook
20111894,김성오,배우,601062.0,죽지않는 인간들의 밤,Choi Man-gil
20111894,김성오,배우,11344.0,달콤한 인생,Moo-seong's Subordinate
20111894,김성오,배우,573787.0,킹메이커,Secretary Park
20111894,김성오,배우,591120.0,해적: 도깨비 깃발,Kang-Seob
20111894,김성오,배우,13512.0,청풍명월,Mu-kwan's Underling
20111894,김성오,배우,1296404.0,굿뉴스,Maeda
20111894,김성오,배우,1267319.0,사마귀,Shin (archive footage)
20111894,김성오,배우,73048.0,SNL 코리아,Self
20111894,김성오,배우,78648.0,놀라운 토요일,Self
20111894,김성오,배우,112836.0,종이의 집: 공동경제구역,Cha Moo-hyeok
20111894,김성오,배우,132171.0,모범가족,Choi Kang-jun
20111894,김성오,배우,61209.0,야경꾼 일지,Sadam
20111894,김성오,배우,62645.0,맨도롱 또똣,Hwang Wook
20111894,김성오,배우,39040.0,마이더스,Kim Do-chul
20111894,김성오,배우,61140.0,감격시대: 투신의 탄생,Jung Jae-hwa
20111894,김성오,배우,46636.0,남자가 사랑할 때,Lee Chang-hee
20111894,김성오,배우,41874.0,영광의 재인,Joo Dae-sung
20111894,김성오,배우,63767.0,그녀는 예뻤다,Guy from the bar
20111894,김성오,배우,37636.0,시크릿 가든,Kim Sung-oh
20111894,김성오,배우,45018.0,유령,Shin Hyo-jung's fan
20111894,김성오,배우,135896.0,최종병기 앨리스,Mr. Ban
20111894,김성오,배우,66715.0,백희가 돌아왔다,Woo Beom-ryong
20111894,김성오,배우,123473.0,출장 십오야,Self
20111894,김성오,배우,70813.0,쌈 마이웨이,Coach Hwang Jang-ho
20111894,김성오,배우,75123.0,화유기,Lee Han-ju
20111894,김성오,배우,31494.0,아내가 돌아왔다,Kim Dong-cheol
20111894,김성오,배우,158205.0,위기의 X,Seung-il
20111894,김성오,배우,85338.0,방구석1열,Self
20111894,김성오,배우,211748.0,마당이 있는 집,Park Jae-ho
20111894,김성오,배우,155459.0,사장님을 잠금해제,Ma-pi
20111894,김성오,배우,70672.0,아는 형님,Self
20111894,김성오,배우,99655.0,우아한 친구들,Jo Hyeong-Woo
20111894,김성오,배우,116043.0,루카: 더 비기닝,Yi-Son
20111894,김성오,배우,286198.0,신사장 프로젝트,Choi Cheol
20113125,남도형,배우,1106477.0,레이디버그,Cat Noir (voice)
20113125,남도형,배우,593959.0,뽀로로 극장판 보물섬 대모험,Silver (voice)
20113125,남도형,배우,230726.0,노브레싱,Prologue Announcer
20113125,남도형,배우,717787.0,연의 편지,Ahn Seung-kyu (voice)
20113125,남도형,배우,1233199.0,퇴마록,Hyeon-am (voice)
20113125,남도형,배우,1284734.0,쥬로링 동물탐정 극장판,Shiro Hatori (voice)
20113125,남도형,배우,234443.0,4주 애인,Song Jae-hee (voice)
20113125,남도형,배우,126647.0,마음의 소리,"조준, 센세이션, 고봉이, 애봉이 아빠"
20113125,남도형,배우,210942.0,외모지상주의,Jin Ho Bin / Jang Gi Seok / Kim Mae Sik / Park Bum Jae (voice)
20113125,남도형,배우,226382.0,차징 탑스피너,Billy (voice)
20113125,남도형,배우,261255.0,호랑이 들어와요,Heochan (voice) / Narrator (voice)
20113125,남도형,배우,103631.0,로봇트레인,Kay
20113125,남도형,배우,245684.0,흑백요리사: 요리 계급 전쟁,Self - MC (voice)
20113125,남도형,배우,275849.0,슈퍼다이노,Dino (voice)
20113125,남도형,배우,233547.0,다이노스터: 공룡수호대,Jay Min (voice)
20113125,남도형,배우,138787.0,런닝맨,Gai (voice)
20113125,남도형,배우,301941.0,김밥의 천국,Narrator (voice)
20113258,길해연,배우,31850.0,똥파리,Yeon-hee's Mother
20113258,길해연,배우,740441.0,스마트폰을 떨어뜨렸을 뿐인데,Je-yeon
20113258,길해연,배우,1106501.0,돌핀,Jeong-ok
20113258,길해연,배우,287647.0,카트,Hissy Fit Customer
20113258,길해연,배우,749297.0,너무 한낮의 연애,Pil-Yong's Mother
20113258,길해연,배우,680071.0,배니싱: 미제사건,Yoon-ah's Grandmother
20113258,길해연,배우,333713.0,헬머니,Housekeeper
20113258,길해연,배우,1189904.0,비밀,Hae-yeon
20113258,길해연,배우,972435.0,너와 나,Dog Owner
20113258,길해연,배우,291327.0,마파도 2,Woman from Jeju
20113258,길해연,배우,236261.0,잉투기,Tae-sik's mom
20113258,길해연,배우,285861.0,인 허 플레이스,Mother
20113258,길해연,배우,417199.0,미씽: 사라진 여자,Mother-in-law
20113258,길해연,배우,466872.0,초행,Su-hyeon's Mother
20113258,길해연,배우,232390.0,어떤 시선,mother
20113258,길해연,배우,432836.0,살인자의 기억법,Maria
20113258,길해연,배우,437108.0,장산범,Female Shaman
20113258,길해연,배우,393070.0,"날, 보러와요",Su-a's mother
20113258,길해연,배우,99391.0,가시,Park Hee-su
20113258,길해연,배우,72575.0,그대를 사랑합니다,Gun-bong's daughter-in-law 1
20113258,길해연,배우,153422.0,마파도,Woman from Jeju
20113258,길해연,배우,528167.0,메이트,Geum-hee
20113258,길해연,배우,395527.0,"동거, 동락",Kyung-mi
20113258,길해연,배우,571787.0,나의 특별한 형제,Jeong-sun
20113258,길해연,배우,142093.0,애인,Art Factory Manager
20113258,길해연,배우,547404.0,벌새,Young-ji's Mother
20113258,길해연,배우,648461.0,야간근무,Yeon-hee's mother
20113258,길해연,배우,628704.0,미드나이트,Kyung-mi's Mother
20113258,길해연,배우,54330.0,아기와 나,Ki-suk's Mother (uncredited)
20113258,길해연,배우,79625.0,"혜화, 동",Han-soo's Mother
20113258,길해연,배우,172159.0,독,Deaconess Jang
20113258,길해연,배우,65318.0,여섯개의 시선,Madame (seg. 1)
20113258,길해연,배우,1064205.0,대가족,Nun
20113258,길해연,배우,1247002.0,파과,"Ms. Hong, The Client"
20113258,길해연,배우,660355.0,사흘,Big Mama
20113258,길해연,배우,116612.0,괴물,Do Hae-won
20113258,길해연,배우,119773.0,로스쿨,Oh Jeong-hee
20113258,길해연,배우,79434.0,김비서가 왜 그럴까,Woman at the reserved parking space
20113258,길해연,배우,201084.0,O'PENing,Jang Seong-ja
20113258,길해연,배우,210272.0,박하경 여행기,Koo Young-sook
20113258,길해연,배우,83893.0,KBS 드라마 스페셜,Cha Song-ja
20113258,길해연,배우,96777.0,고요의 바다,Director Choi
20113258,길해연,배우,65270.0,라디오스타,Self
20113258,길해연,배우,86640.0,빙의,Geum Jo
20113258,길해연,배우,229955.0,악인전기,Lee Hye-ja
20113258,길해연,배우,62265.0,풍문으로 들었소,Yang Jae-hwa
20113258,길해연,배우,78385.0,밥 잘 사주는 예쁜 누나,Kim Mi-yeon
20113258,길해연,배우,83202.0,아내의 자격,Ha Seom Jin
20113258,길해연,배우,69420.0,라이더스: 내일을 잡아라,Bae Mi-Sun
20113258,길해연,배우,227190.0,원더풀 월드,Jeong Myeong-hee
20113258,길해연,배우,195627.0,멘탈코치 제갈길,Shim Bok-ja
20113258,길해연,배우,135154.0,당신이 소원을 말하면,Choi Deok-ja
20113258,길해연,배우,89604.0,봄밤,Shin Hyung-sun
20113258,길해연,배우,87408.0,국민 여러분,Kim Kyung-Ae
20113258,길해연,배우,92911.0,날 녹여주오,Mi-ran's mother
20113258,길해연,배우,213655.0,남이 될 수 있을까,Hong Yeo-rae
20113258,길해연,배우,99411.0,유별나! 문셰프,Jang Sun Young
20113258,길해연,배우,83941.0,남자친구,Teacher Lee
20113258,길해연,배우,259486.0,귀궁,Nub-deok
20113258,길해연,배우,101857.0,브람스를 좋아하세요,송정희
20113258,길해연,배우,95067.0,블랙독,Young Ha's mother
20113258,길해연,배우,250463.0,트라이: 우리는 기적이 된다,Kang Jung-hyo
20113258,길해연,배우,258025.0,견우와 선녀,Oh Ok-sun
20113258,길해연,배우,238084.0,트리거,Oh Gyeong-suk
20113303,이용녀,배우,,부전시장,
20113303,이용녀,배우,,파과,
20113303,이용녀,배우,,황태,
20113303,이용녀,배우,,엄마의 땅: 그리샤와 숲의 주인,
20113303,이용녀,배우,,고속도로 가족,
20113303,이용녀,배우,,대무가,
20113303,이용녀,배우,,헤어질 결심,
20113303,이용녀,배우,,전설의 땁,
20113303,이용녀,배우,,보이지 않아,
20113303,이용녀,배우,,간호중,
20113303,이용녀,배우,,꽃손,
20113303,이용녀,배우,,뷰티풀 뱀파이어,
20113303,이용녀,배우,,허스토리,
20113303,이용녀,배우,,아가씨,
20113303,이용녀,배우,,곡성,
20113303,이용녀,배우,,또 하나의 사랑,
20113303,이용녀,배우,,아가씨(확장판),
20113303,이용녀,배우,,아빠가 돌아왔다,
20113303,이용녀,배우,,미쓰 와이프,
20113303,이용녀,배우,,성실한 나라의 앨리스,
20113303,이용녀,배우,,신의 한 수,
20113303,이용녀,배우,,설해,
20113303,이용녀,배우,,하이힐,
20113303,이용녀,배우,,만신,
20113303,이용녀,배우,,지옥화,
20113303,이용녀,배우,,후궁 : 제왕의 첩,
20113303,이용녀,배우,,검은 갈매기,
20113303,이용녀,배우,,이층의 악당,
20113303,이용녀,배우,,미스터좀비,
20113303,이용녀,배우,,고死 두 번째 이야기: 교생실습,
20113303,이용녀,배우,,베스트셀러,
20113303,이용녀,배우,,주문진,
20113303,이용녀,배우,,엄마는 창녀다,
20113303,이용녀,배우,,카페 느와르,
20113303,이용녀,배우,,된장,
20113303,이용녀,배우,,나쁜 놈이 더 잘 잔다,
20113303,이용녀,배우,,전우치,
20113303,이용녀,배우,,나는 곤경에 처했다!,
20113303,이용녀,배우,,집행자,
20113303,이용녀,배우,,불꽃처럼 나비처럼,
20113303,이용녀,배우,,말보로 전쟁,
20113303,이용녀,배우,,경축! 우리사랑,
20113303,이용녀,배우,,1번가의 기적,
20113303,이용녀,배우,,싸이보그지만 괜찮아,
20113303,이용녀,배우,,친절한 금자씨,
20113303,이용녀,배우,,분홍신,
20113303,이용녀,배우,,청춘,
20113303,이용녀,배우,,여고괴담,
20113303,이용녀,배우,,8월의 크리스마스,
20113303,이용녀,배우,,아름다운 청년 전태일,
20113303,이용녀,배우,,그 섬에 가고 싶다,
20113303,이용녀,배우,,안 할 이유 없는 임신,
20113303,이용녀,배우,,고추,
20113303,이용녀,배우,,부고,
20113303,이용녀,배우,,배웅,
20113303,이용녀,배우,,파란만장,
20113303,이용녀,배우,,길을 묻습니다.,
20113303,이용녀,배우,,로인,
20114292,김진무,감독,,킹 오브 킹스,
20114292,김진무,감독,,마인드 유니버스,
20114292,김진무,감독,,신이 보낸 사람,
20114292,김진무,감독,,휴일,
20114292,김진무,감독,,소문,
20114292,김진무,감독,,레디액션 청춘,
20121063,정기선,배우,135840.0,우리들의 블루스,Fish auction bidder
20121063,정기선,배우,204241.0,"신성한, 이혼",Mr. Baek
20123584,정현철,감독,1165663.0,서태지 25주년 라이브 타임: 트래블러,Self
20123584,정현철,감독,716736.0,The Great 2008 Seotaiji Symphony With Tolga Kashif Royal Philharmonic,self
20123584,정현철,감독,792573.0,서태지 8집 : 398일의 기록,Self
20123584,정현철,감독,39429.0,유희열의 스케치북,Self
20123584,정현철,감독,79746.0,익스플레인: 세계를 해설하다,Self (archive footage)
20123584,정현철,감독,99503.0,모던코리아,Self (archive footage)
20123584,정현철,감독,5092.0,무한도전,Self
20123584,정현철,감독,153496.0,재벌집 막내아들,Self (archival footage)
20127572,이양희,배우,288417.0,열애,Ji Yong
20129950,손호승,배우,267225.0,브레인웨이브,Park Ki-soo
20129950,손호승,배우,107976.0,검은 집,Scarred Man
20129950,손호승,배우,18374.0,7급 공무원,Virgin Ghost
20134873,박종범,배우,628466.0,소리꾼,Officer
20134873,박종범,배우,581392.0,반도,Mechanic
20134873,박종범,배우,451105.0,아빠는 딸,Staff
20134873,박종범,배우,1057001.0,귀공자,Organization 3
20134873,박종범,배우,126485.0,무빙,Waiter Minky
20134873,박종범,배우,93405.0,오징어 게임,Player 357
20135269,조은성,감독,,아주 오래된 미래도시,
20135269,조은성,감독,,디바 야누스,
20135269,조은성,감독,,낭만적 공장,
20135269,조은성,감독,,히든,
20135269,조은성,감독,,션샤인 러브,
20135269,조은성,감독,,눈에는 눈 이에는 이,
20135269,조은성,감독,,색즉시공 시즌2,
20135269,조은성,감독,,인천메탈시티,
20136040,김하영,배우,437081.0,남한산성,Shota
20136040,김하영,배우,518963.0,독전,Police
20136040,김하영,배우,93405.0,오징어 게임,Player 032
20141891,정종헌,촬영,,파과,
20141891,정종헌,촬영,,동화지만 청불입니다,
20141891,정종헌,촬영,,투 하트,
20141891,정종헌,촬영,,물비늘,
20141891,정종헌,촬영,,멈춰진 시간들,
20141891,정종헌,촬영,,유체이탈자,
20141891,정종헌,촬영,,럭키 몬스터,
20141891,정종헌,촬영,,우리집,
20141891,정종헌,촬영,,극한직업,
20141891,정종헌,촬영,,리벤져,
20141891,정종헌,촬영,,사라진 밤,
20141891,정종헌,촬영,,나의 연기 워크샵,
20141891,정종헌,촬영,,비정규직 특수요원,
20141891,정종헌,촬영,,시간이탈자,
20141891,정종헌,촬영,,나의 절친 악당들,
20141891,정종헌,촬영,,우리는 형제입니다,
20141891,정종헌,촬영,,제보자,
20141891,정종헌,촬영,,하이힐,
20141891,정종헌,촬영,,용의자,
20141891,정종헌,촬영,,스파이,
20141891,정종헌,촬영,,더 웹툰: 예고살인,
20141891,정종헌,촬영,,마이 라띠마,
20141891,정종헌,촬영,,두 번의 결혼식과 한 번의 장례식,
20141891,정종헌,촬영,,"봄, 눈",
20141891,정종헌,촬영,,코리아,
20141891,정종헌,촬영,,오싹한 연애,
20141891,정종헌,촬영,,7광구,
20141891,정종헌,촬영,,체포왕,
20141891,정종헌,촬영,,아이들...,
20141891,정종헌,촬영,,페스티발,
20141891,정종헌,촬영,,하녀,
20141891,정종헌,촬영,,육혈포 강도단,
20141891,정종헌,촬영,,평행이론,
20141891,정종헌,촬영,,킹콩을 들다,
20141891,정종헌,촬영,,쌍화점,
20141891,정종헌,촬영,,1724 기방난동사건,
20141891,정종헌,촬영,,스카우트,
20141891,정종헌,촬영,,마이 파더,
20141891,정종헌,촬영,,비열한 거리,
20141891,정종헌,촬영,,가까이,
20141891,정종헌,촬영,,그날의 거리,
20141891,정종헌,촬영,,전학생,
20141891,정종헌,촬영,,텅빈,
20141891,정종헌,촬영,,혜리,
20141891,정종헌,촬영,,골고다의 방,
20141891,정종헌,촬영,,치킨게임,
20141891,정종헌,촬영,,귀 鬼(부르는 손 편),
20141891,정종헌,촬영,,2017 한국영화아카데미 33기 졸업영화제 - 실습작 B,
20145023,서범식,배우,33171.0,공공의 적,Cubed Radish Kimchi Customer 5
20145023,서범식,배우,18371.0,동갑내기 과외하기,Ugly Face Man
20145023,서범식,배우,348562.0,권법형사: 차이나타운,Hyang-bo
20145023,서범식,배우,180651.0,전설의 주먹,Choi Joong-man
20145023,서범식,배우,378084.0,잡아야 산다,Driver Ahn
20145023,서범식,배우,437109.0,악녀,Shadow 2
20145023,서범식,배우,629028.0,미션 파서블,Ax Boss
20145023,서범식,배우,23834.0,화산고,Athletics
20145023,서범식,배우,122528.0,이중간첩,Bulk
20145023,서범식,배우,159189.0,"안녕, 형아",Tarzan
20145023,서범식,배우,203697.0,연예인 매니저로 살아남기,Filming set technician
20145023,서범식,배우,206688.0,오아시스,Byun Hak Soo [CEO]
20145023,서범식,배우,45049.0,마의,Jung-Doo
20145023,서범식,배우,21771.0,선덕여왕,general Ga-Baek
20145023,서범식,배우,41526.0,계백,Sa-Gul
20145023,서범식,배우,14611.0,신입사원,Miyazaki
20145023,서범식,배우,61148.0,기황후,[Buddhist monk]
20145023,서범식,배우,206619.0,우리가 사랑했던 모든 것,Teacher
20147124,홍지석,배우,,사람과 고기,
20147124,홍지석,배우,,철봉하자 우리,
20147124,홍지석,배우,,커플지옥,
20147124,홍지석,배우,,드림,
20147124,홍지석,배우,,언니 유정,
20147124,홍지석,배우,,비공식작전,
20147124,홍지석,배우,,파로호,
20147124,홍지석,배우,,에듀케이션,
20147124,홍지석,배우,,욕창,
20147124,홍지석,배우,,버티고,
20147124,홍지석,배우,,롱 리브 더 킹: 목포 영웅,
20147124,홍지석,배우,,장기왕 : 가락시장 레볼루션,
20147124,홍지석,배우,,젊은 예술가들,
20147124,홍지석,배우,,잉투기,
20147124,홍지석,배우,,뉴 키즈 인 타운,
20147124,홍지석,배우,,홀,
20147124,홍지석,배우,,가짜 팔로 하는 포옹,
20147124,홍지석,배우,,경계선,
20147124,홍지석,배우,,더더더,
20147124,홍지석,배우,,여고부 2위 한정민,
20147124,홍지석,배우,,왜 독립영화 감독들은 외롭고 또 외롭나,
20147124,홍지석,배우,,시스터,
20147124,홍지석,배우,,위험한 결혼,
20147124,홍지석,배우,,경원,
20147124,홍지석,배우,,난류,
20147124,홍지석,배우,,"맨, 홀",
20147124,홍지석,배우,,방문자,
20147124,홍지석,배우,,안개 낀 도시,
20147124,홍지석,배우,,인사3팀의 캡슐커피,
20147124,홍지석,배우,,자유로워질 때 쯤,
20147124,홍지석,배우,,캣데이 애프터눈,
20147124,홍지석,배우,,푸르른 날에,
20147124,홍지석,배우,,히치하이커,
20147124,홍지석,배우,,No-In,
20147124,홍지석,배우,,기밀,
20147124,홍지석,배우,,낙진,
20147124,홍지석,배우,,보호자,
20147124,홍지석,배우,,스포주의,
20147124,홍지석,배우,,어느날갑자기,
20147124,홍지석,배우,,더 헌트,
20147124,홍지석,배우,,흔적,
20147124,홍지석,배우,,동명이인 프로젝트 시즌2,
20150085,박경균,촬영,,홈캠,
20150085,박경균,촬영,,만남의 집,
20150085,박경균,촬영,,최소한의 선의,
20150085,박경균,촬영,,신체모음.zip,
20150085,박경균,촬영,,공조2: 인터내셔날,
20150085,박경균,촬영,,나는 나를 해고하지 않는다,
20150085,박경균,촬영,,피원에이치 : 새로운 세계의 시작,
20150085,박경균,촬영,,구르는 수레바퀴,
20150085,박경균,촬영,,나를 기억해,
20150085,박경균,촬영,,리얼,
20150085,박경균,촬영,,워킹 스트리트,
20150085,박경균,촬영,,문영,
20150085,박경균,촬영,,삼례,
20150085,박경균,촬영,,기화,
20150085,박경균,촬영,,바비,
20150085,박경균,촬영,,홀리데이,
20150085,박경균,촬영,,라스트 씬,
20150085,박경균,촬영,,무연자,
20150085,박경균,촬영,,자르고 붙이기,
20150085,박경균,촬영,,생일선물,
20150085,박경균,촬영,,나의 싸움,
20150085,박경균,촬영,,레디액션! 폭력영화,
20155308,정기섭,배우,59421.0,김복남 살인사건의 전말,Police Corporal Choi
20155308,정기섭,배우,313108.0,국제시장,Dispatched to Germany Miners Interviewer
20155308,정기섭,배우,463077.0,"봄, 눈",President of the Neighborhood Assoc
20155308,정기섭,배우,660360.0,노량: 죽음의 바다,Chen Can
20155308,정기섭,배우,901121.0,거미집,Hwang
20155308,정기섭,배우,134126.0,회사원,Undercover Policeman
20155308,정기섭,배우,320150.0,빅매치,Senior Jung
20155308,정기섭,배우,165213.0,신세계,Executive (uncredited)
20155308,정기섭,배우,933131.0,황야,Ju-ye's Father
20155308,정기섭,배우,599333.0,뜨거운 피,Hwang
20155308,정기섭,배우,11658.0,태극기 휘날리며,Medic #2
20155308,정기섭,배우,544627.0,암수살인,Detective Han
20155308,정기섭,배우,510007.0,덕구,Foster Father
20155308,정기섭,배우,517991.0,공작,NIS Planning Agent #1
20155308,정기섭,배우,44849.0,아빠가 여자를 좋아해,Detective 1
20155308,정기섭,배우,55753.0,뷰티풀 선데이,Det. Kam Chal-ban
20155308,정기섭,배우,645985.0,소방관,Tailor
20155308,정기섭,배우,89501.0,범죄와의 전쟁: 나쁜놈들 전성시대,Detective
20155308,정기섭,배우,119769.0,모범택시,Han Jae-deok
20155308,정기섭,배우,250463.0,트라이: 우리는 기적이 된다,Moon Cheol-yeong
20155804,윤정,배우,,사람과 고기,
20155804,윤정,배우,,써니,
20156311,김태수,촬영,,좀비딸,
20156311,김태수,촬영,,잠,
20156311,김태수,촬영,,장르만 로맨스,
20156311,김태수,촬영,,발신제한,
20156311,김태수,촬영,,아무도 없는 곳,
20156311,김태수,촬영,,기적,
20156311,김태수,촬영,,롱 리브 더 킹: 목포 영웅,
20156311,김태수,촬영,,나의 특별한 형제,
20156311,김태수,촬영,,사바하,
20156311,김태수,촬영,,협상,
20156311,김태수,촬영,,박화영,
20156311,김태수,촬영,,소공녀,
20156311,김태수,촬영,,여교사,
20156311,김태수,촬영,,극적인 하룻밤,
20156311,김태수,촬영,,돌연변이,
20156311,김태수,촬영,,신의 한 수,
20156311,김태수,촬영,,소수의견,
20156311,김태수,촬영,,7번방의 선물,
20156311,김태수,촬영,,"광해, 왕이 된 남자",
20156311,김태수,촬영,,내 아내의 모든 것,
20156311,김태수,촬영,,화차,
20156311,김태수,촬영,,네버엔딩 스토리,
20156311,김태수,촬영,,특수본,
20156311,김태수,촬영,,북촌방향,
20156311,김태수,촬영,,황해,
20156311,김태수,촬영,,아저씨,
20156311,김태수,촬영,,평행이론,
20156311,김태수,촬영,,미쓰 홍당무,
20156311,김태수,촬영,,추격자,
20156311,김태수,촬영,,라듸오 데이즈,
20156311,김태수,촬영,,전설의 고향,
20156311,김태수,촬영,,잘 먹고 잘 사는 법,
20156311,김태수,촬영,,담뱃값,
20156311,김태수,촬영,,사랑 - 수면아래,
20156418,임세미,배우,131922.0,복면달호,President Choi's daughter
20156418,임세미,배우,1150725.0,딸에 대하여,Green
20156418,임세미,배우,1003984.0,어웨이크,Han So-jin
20156418,임세미,배우,1147710.0,하이재킹,Moon-yeong
20156418,임세미,배우,1307935.0,연우의 여름,Yoon Ji-Wan
20156418,임세미,배우,571078.0,돈,Ye-ji
20156418,임세미,배우,1394740.0,타짜 4: 벨제붑의 노래,Jang Tae-hee
20156418,임세미,배우,53095.0,투윅스,Oh Mi-sook
20156418,임세미,배우,61324.0,"제왕의 딸, 수백향",Queen Eunhye
20156418,임세미,배우,39198.0,넌 내게 반했어,Cha Bo-woon
20156418,임세미,배우,62607.0,오늘부터 사랑해,Yoon Seung Hye
20156418,임세미,배우,47091.0,"그 겨울, 바람이 분다",Son Mira
20156418,임세미,배우,227190.0,원더풀 월드,Han Yu-ri
20156418,임세미,배우,65746.0,굿바이 미스터 블랙,Cha Ji-soo
20156418,임세미,배우,61130.0,사랑만 할래,Choi Yoo-ri
20156418,임세미,배우,67272.0,쇼핑왕 루이,Baek Ma-Ri
20156418,임세미,배우,70193.0,완벽한 아내,Jung Na-Mi
20156418,임세미,배우,158258.0,방과 후 전쟁활동,Park Eun-young
20156418,임세미,배우,74785.0,투깝스,Ko Bong-Sook
20156418,임세미,배우,158205.0,위기의 X,Mi-jin
20156418,임세미,배우,78742.0,멈추고 싶은 순간: 어바웃타임,Bae Soo-Bong
20156418,임세미,배우,75820.0,미스터 션샤인,Dong-Mae's mother
20156418,임세미,배우,81211.0,내 뒤에 테리우스,Yoo Ji-Yeon
20156418,임세미,배우,133772.0,디 엠파이어: 법의 제국,Yoon Eun-mi
20156418,임세미,배우,210704.0,최악의 악,Yoo Eui-jeong
20156418,임세미,배우,96977.0,날씨가 좋으면 찾아가겠어요,Kim Bo-yeong
20156418,임세미,배우,223329.0,돌풍,Seo Jeong-yeon
20156418,임세미,배우,259015.0,그놈은 흑염룡,Seo Ha-jin
20156418,임세미,배우,250463.0,트라이: 우리는 기적이 된다,Bae Yi-ji
20156418,임세미,배우,112888.0,여신강림,Lim Hee-kyung
20156418,임세미,배우,201084.0,O'PENing,Sin Mi-ran
20156418,임세미,배우,83893.0,KBS 드라마 스페셜,Yoon Ji-wan
20156418,임세미,배우,292281.0,고물상 미란이,Sin Mi Ran
20156418,임세미,배우,61138.0,시크릿 러브,[Joon Moon's ex-girlfriend]
20156418,임세미,배우,53720.0,애정만만세,Kyung Mi
20156418,임세미,배우,59185.0,호박꽃순정,Hyo Sun
20156418,임세미,배우,52723.0,성장드라마 반올림#,Im Se Mi
20157837,오수진,음악,,부전시장,
20157837,오수진,음악,,달팽이 농구단,
20157837,오수진,음악,,다우렌의 결혼,
20157837,오수진,음악,,아버지의 마음,
20157837,오수진,음악,,파이터,
20157837,오수진,음악,,개 같은 것들,
20157837,오수진,음악,,사랑하고 있습니까,
20157837,오수진,음악,,시호,
20157837,오수진,음악,,쇠파리,
20157837,오수진,음악,,혼자,
20157837,오수진,음악,,베토벤 메들리,
20157837,오수진,음악,,우리의 마지막 여름,
20157837,오수진,음악,,설해,
20157837,오수진,음악,,녹색의자 2013 - 러브 컨셉츄얼리,
20157837,오수진,음악,,베드,
20157837,오수진,음악,,베드 (감독판),
20157837,오수진,음악,,생생활활,
20157837,오수진,음악,,물고기,
20157837,오수진,음악,,스타: 빛나는 사랑,
20157837,오수진,음악,,저스트 프렌즈,
20157837,오수진,음악,,라라 선샤인,
20157837,오수진,음악,,갈 곳 없는,
20157837,오수진,음악,,미메시스,
20157837,오수진,음악,,공허충,
20157837,오수진,음악,,물물교환,
20157837,오수진,음악,,그 카페,
20157837,오수진,음악,,주관식 문제,
20160668,이승현,촬영,776919.0,미스터 보스,Yeong-soo
20161109,염정원,감독,,타이거마스크,
20161109,염정원,감독,,"달마야, 서울 가자",
20163385,이원재,배우,,이번엔 잘 되겠지,
20163385,이원재,배우,,종이꽃,
20163385,이원재,배우,,안시성,
20163385,이원재,배우,,마이 페어 웨딩,
20163385,이원재,배우,,청춘학당 : 풍기문란 보쌈 야사,
20163385,이원재,배우,,청야,
20163801,이창훈,배우,267230.0,4발가락,Lecaf
20163801,이창훈,배우,128854.0,사랑은 이런거야,Cha Joon-Bum
20163801,이창훈,배우,153821.0,프로포즈,Bae Min-seok
20163801,이창훈,배우,156341.0,엄마의 바다,윤상규
20163801,이창훈,배우,46513.0,당신이 잠든 사이,채혁진
20163801,이창훈,배우,197133.0,학교1,Lee Jae-Ha
20163801,이창훈,배우,208261.0,마이 러브,Jo Yi -Han
20163801,이창훈,배우,77705.0,아임쏘리 강남구,Shin Tae-jin
20163801,이창훈,배우,84945.0,M,Song Ji Suk
20163801,이창훈,배우,70204.0,순풍산부인과,이창훈
20163801,이창훈,배우,60144.0,서동요,Mok Ra-soo
20163801,이창훈,배우,252073.0,초대,강동석
20163801,이창훈,배우,205820.0,학교 2,Lee Jae-ha
20163801,이창훈,배우,92669.0,야인시대,Hayashi
20163801,이창훈,배우,106241.0,어여쁜 당신,Jeong Jae-Min
20163801,이창훈,배우,65282.0,나 혼자 산다,Self
20163801,이창훈,배우,37516.0,백만송이 장미,Kang Min Jae
20163801,이창훈,배우,197465.0,그래도 좋아!,Yoon Seok Woo
20165316,김준형,감독,,사람과 고기,
20165316,김준형,감독,,버티고,
20165316,김준형,감독,,"히말라야, 바람이 머무는 곳",
20165316,김준형,감독,,열세살 수아,
20165316,김준형,감독,,매듭,
20165316,김준형,감독,,팬티 벗고 덤벼,
20165316,김준형,감독,,떠나야 할 시간,
20165316,김준형,감독,,인디다큐페스티발2016 국내신작전 16,
20166405,토미 위르콜라,감독,17285.0,킬 벌조,Sid Wisløff
20166405,토미 위르콜라,감독,50324.0,Kurt Josef Wagle og legenden om Fjordheksa,Pablo (voice)
20166405,토미 위르콜라,감독,76227.0,Kill Buljo: The Beginning,Various Characters
20166405,토미 위르콜라,감독,247290.0,킬 벌조 2,Sid Wisløff
20166405,토미 위르콜라,감독,35756.0,Tomme tønner,Gjørme-Knut
20166405,토미 위르콜라,감독,614797.0,Remake,Attendant #2
20166405,토미 위르콜라,감독,60304.0,헨젤과 그레텔: 마녀 사냥꾼,Deputy #4 (uncredited)
20166405,토미 위르콜라,감독,14451.0,데드 스노우,Dying Zombie (uncredited)
20166702,양조아,배우,8653.0,섬,Detective #1
20166702,양조아,배우,41538.0,님은 먼곳에,Company Commander
20167000,홍준표,감독,,연의 편지,
20167000,홍준표,감독,,태일이,
20167000,홍준표,감독,,그 강아지 그 고양이,
20167000,홍준표,감독,,맵: 프롤로그,
20167000,홍준표,감독,,바람을 가르는,
20167000,홍준표,감독,,원숭이 왕,
20167000,홍준표,감독,,이런 공장은 싫어,
20167000,홍준표,감독,,토끼와 거북이,
20167000,홍준표,감독,,데드라인 메이크스 크리에이티브,
20167000,홍준표,감독,,한국 환경영화의 흐름 단편 3,
20170403,라스무스 A. 실버르센,감독,,스퍼마게돈: 사정의 날,
20170403,라스무스 A. 실버르센,감독,,슈퍼 키드 헤일리,
20170403,라스무스 A. 실버르센,감독,,캐리비안 해적과 마법 다이아몬드,
20170403,라스무스 A. 실버르센,감독,,고릴라와 슈퍼레이스,
20170403,라스무스 A. 실버르센,감독,,아기곰 보보 구출 대작전,
20170403,라스무스 A. 실버르센,감독,,배저로와 친구들: 신비한 모험,
20170403,라스무스 A. 실버르센,감독,,꼬마영웅 경찰차 프로디2,
20170403,라스무스 A. 실버르센,감독,,솔란과 루드빅의 화이트 크리스마스 대소동,
20170403,라스무스 A. 실버르센,감독,,꼬마영웅 경찰차 프로디,
20173146,김용환,감독,863267.0,"아치의 노래, 정태춘",Self
20180695,하나리,배우,154887.0,나의 해방일지,Baby's mom
20181520,김지현,촬영,,동화지만 청불입니다,
20181520,김지현,촬영,,커미션,
20181520,김지현,촬영,,사랑의 고고학,
20181520,김지현,촬영,,애비규환,
20181520,김지현,촬영,,우리집,
20181520,김지현,촬영,,해피 투게더,
20181520,김지현,촬영,,홈,
20181520,김지현,촬영,,샘,
20181520,김지현,촬영,,여배우는 오늘도,
20181520,김지현,촬영,,위켄즈,
20181520,김지현,촬영,,그물,
20181520,김지현,촬영,,우리들,
20181520,김지현,촬영,,일대일,
20181520,김지현,촬영,,아빠를 빌려드립니다,
20181520,김지현,촬영,,방관자들,
20181520,김지현,촬영,,잔상,
20181520,김지현,촬영,,노다지,
20181520,김지현,촬영,,경멸,
20181520,김지현,촬영,,다녀왔습니다,
20181520,김지현,촬영,,어바웃 웨딩,
20181520,김지현,촬영,,휴머니스트,
20181520,김지현,촬영,,고구마 가족,
20181520,김지현,촬영,,고길동의 방주,
20181520,김지현,촬영,,최고의 감독,
20181520,김지현,촬영,,민우씨 오는 날,
20181520,김지현,촬영,,이사,
20181520,김지현,촬영,,호산나,
20181520,김지현,촬영,,꽃피는 철길,
20181558,이재우,촬영,,파과,
20181558,이재우,촬영,,화란,
20181558,이재우,촬영,,최선의 삶,
20181558,이재우,촬영,,메기,
20181558,이재우,촬영,,보희와 녹양,
20181558,이재우,촬영,,메이트,
20181558,이재우,촬영,,수성못,
20181558,이재우,촬영,,곡성,
20181558,이재우,촬영,,지렁이,
20181558,이재우,촬영,,동주,
20181558,이재우,촬영,,오늘의 연애,
20181558,이재우,촬영,,소녀괴담,
20181558,이재우,촬영,,소원,
20181558,이재우,촬영,,미스터 고,
20181558,이재우,촬영,,설마 그럴리가 없어,
20181558,이재우,촬영,,아이들...,
20181558,이재우,촬영,,황해,
20181558,이재우,촬영,,L+,
20181558,이재우,촬영,,세마리,
20181558,이재우,촬영,,잭보이,
20181558,이재우,촬영,,그레코로만,
20181558,이재우,촬영,,타인의 취향,
20181558,이재우,촬영,,한중10년의 동행: 한예종 영상원/북경영화학교 합작영화 10주년 작품전,
20181949,이준오,음악,,맨홀,
20181949,이준오,음악,,뒤틀린 집,
20181949,이준오,음악,,스트리밍,
20181949,이준오,음악,,불도저에 탄 소녀,
20181949,이준오,음악,,보희와 녹양,
20181949,이준오,음악,,PMC: 더 벙커,
20181949,이준오,음악,,리틀 포레스트,
20181949,이준오,음악,,원라인,
20181949,이준오,음악,,더 폰,
20181949,이준오,음악,,패션왕,
20181949,이준오,음악,,제보자,
20181949,이준오,음악,,더 테러 라이브,
20183183,박재인,음악,,"운 좋게 살아 남았다, 나는",
20183183,박재인,음악,,고양이 집사,
20183183,박재인,음악,,나는 고양이로소이다,
20183183,박재인,음악,,열정같은소리하고있네,
20183183,박재인,음악,,생수,
20185562,백경민,촬영,68398.0,낭만닥터 김사부,Dance Academy Student
